cell,cycle,half,elapsed_seconds,q0,q1,q2,q3,q4,q5,q6,v0,v1,v2,v3,v4,v5,v6,C0,C1,C2,C3,C4,C5,C6,w0,w1,w2,w3,w4,w5,w6,s,r
0,1,1,0.002,4.671147782115416e-08,1.8827765250306073e-05,7.267775791403148e-08,-1.570820096772521,-1.0231255360346715e-06,1.570785117622122,-0.7852999973000204,2.335573891057708e-05,0.009413882625153037,3.633887895701574e-05,-0.01504838626055094,-0.0005115627680173357,-0.00244118893897775,1.3499897977047737e-06,0.0,0.0,0.0,-1.57079,0.0,1.57079,-0.7853,0.0,0.0,0.0,0.0,0.0,0.0,0.0,0.0,0.0
0,1,2,0.004,1.198356792179152e-07,5.5562303481300834e-05,1.7830471849681623e-07,-1.5708694436878063,-2.8073072913998085e-06,1.5707775431571458,-0.785299996637644,3.656210069838052e-05,0.01836726911549738,5.2813480291392375e-05,-0.024673457642680984,-0.0008920908776825684,-0.0037872324880200096,3.311881675436116e-07,0.0,0.0,0.0,-1.57079,0.0,1.57079,-0.7853,0.0,0.0,0.0,0.0,0.0,0.0,0.0,0.0,0.0
1,1,1,0.006,2.0600584660205429e-07,0.0001077542568876046,2.956360434093619e-07,-1.5709321148876736,-5.185365200925741e-06,1.5707683559010834,-0.7852999990685486,4.308508369206955e-05,0.02609597670315188,5.8665662456272816e-05,-0.031335599933615246,-0.0011890289547629661,-0.004593628031129199,-1.215452268196926e-06,0.0,0.0,0.0,-1.57079,0.0,1.57079,-0.7853,0.0,0.0,0.0,0.0,0.0,0.0,0.0,0.0,0.0
1,1,2,0.008,2.962931999653353e-07,0.00017269352441749025,4.1274910073385754e-07,-1.5710044700959997,-8.038687423917241e-06,1.5707581419318117,-0.785300004327112,4.5143676681640515e-05,0.032469633764942815,5.855652866224783e-05,-0.036177604163103484,-0.0014266611114957504,-0.005106984635816692,-2.6292816568310633e-06,0.0,0.0,0.0,-1.57079,0.0,1.57079,-0.7853,0.0,0.0,0.0,0.0,0.0,0.0,0.0,0.0,0.0
2,1,1,0.01,3.847744479189528e-07,0.00024786630697837676,5.228138621651411e-07,-1.571084024927134,-1.1276624297762312e-05,1.5707472550496748,-0.7853000117596511,4.424062397680874e-05,0.03758639128044325,5.503238071564181e-05,-0.03977741556712665,-0.0016189684369225356,-0.005443441068416214,-3.716269567574926e-06,0.0,0.0,0.0,-1.57079,0.0,1.57079,-0.7853,0.0,0.0,0.0,0.0,0.0,0.0,0.0,0.0,0.0
2,1,2,0.012,4.6761134906175057e-07,0.00033108972564844884,6.219349413910799e-07,-1.5711689396728374,-1.4826949124471969e-05,1.5707358011119945,-0.7853000207232147,4.1418450571398905e-05,0.04161170933503603,4.95605396129694e-05,-0.042457372851693806,-0.001775162413354828,-0.005726968840186504,-4.481781783704157e-06,0.0,0.0,0.0,-1.57079,0.0,1.57079,-0.7853,0.0,0.0,0.0,0.0,0.0,0.0,0.0,0.0,0.0
2,2,1,0.014,5.424547297050393e-07,0.0004205221552174076,7.080633978332323e-07,-1.5712577876434428,-1.863072592526349e-05,1.5707237175026751,-0.7853000306873684,3.742169032164434e-05,0.044716214784479395,4.306422822107618e-05,-0.044423985302642716,-0.0019018884003957608,-0.006041804659706874,-4.982076854625372e-06,0.0,0.0,0.0,-1.57079,0.0,1.57079,-0.7853,0.0,0.0,0.0,0.0,0.0,0.0,0.0,0.0,0.0
2,2,2,0.016,6.080658337480024e-07,0.0005146325455970107,7.805129122217592e-07,-1.5713494548756455,-2.2638693847535053e-05,1.57071112637516,-0.785300041143183,3.280555202148155e-05,0.047055195189801544,3.6224757194263464e-05,-0.04583361610135823,-0.0020039839611357816,-0.006295563757539602,-5.2279072990553535e-06,0.0,0.0,0.0,-1.57079,0.0,1.57079,-0.7853,0.0,0.0,0.0,0.0,0.0,0.0,0.0,0.0,0.0
3,1,1,0.018000000000000002,6.639549923232399e-07,0.0006121609662892185,8.393898313936492e-07,-1.571443045157012,-2.6809530936989063e-05,1.570698165216194,-0.7853000516823117,2.7944579287618744e-05,0.04876421034610389,2.9438459585945017e-05,-0.046795140683273416,-0.002085418544727004,-0.006480579483043342,-5.269564342585814e-06,0.0,0.0,0.0,-1.57079,0.0,1.57079,-0.7853,0.0,0.0,0.0,0.0,0.0,0.0,0.0,0.0,0.0
3,1,2,0.02,7.101438286091644e-07,0.0007120752038101691,8.852918120716958e-07,-1.5715378315202548,-3.1108515186813824e-05,1.570684954197723,-0.7853000619961532,2.3094418142962295e-05,0.049957118760475316,2.29509903390233e-05,-0.04739318162136251,-0.002149492124912382,-0.006605509235456378,-5.1569207965326806e-06,0.0,0.0,0.0,-1.57079,0.0,1.57079,-0.7853,0.0,0.0,0.0,0.0,0.0,0.0,0.0,0.0,0.0
3,2,1,0.022,7.469953770822396e-07,0.0008135320685489425,9.191149125780789e-07,-1.5716332236573594,-3.550644395193859e-05,1.5706715928094483,-0.7853000718600103,1.8425774236537567e-05,0.05072843236938669,1.6911550253191554e-05,-0.04769606855231346,-0.0021989643825623835,-0.0066806941373922435,-4.931928540775209e-06,0.0,0.0,0.0,-1.57079,0.0,1.57079,-0.7853,0.0,0.0,0.0,0.0,0.0,0.0,0.0,0.0,0.0
3,2,2,0.024,7.750901751859839e-07,0.0009158446277693312,9.419206815528356e-07,-1.571728743013197,-3.997874442068027e-05,1.5706581621854525,-0.785300081116612,1.404739905187216e-05,0.05115627961019434,1.1402884487378365e-05,-0.04775967791876564,-0.0022361502343708423,-0.006715311997909206,-4.628300841176748e-06,0.0,0.0,0.0,-1.57079,0.0,1.57079,-0.7853,0.0,0.0,0.0,0.0,0.0,0.0,0.0,0.0,0.0
4,1,1,0.026000000000000002,7.951361026409743e-07,0.0010184548944855733,9.548432599620273e-07,-1.571824002810326,-4.45047346107135e-05,1.5706447280953382,-0.7853000896618734,1.002296372749517e-05,0.0513051333581211,6.461289204595794e-06,-0.04762989856459867,-0.002262995095016612,-0.006717045057221501,-4.27263067498236e-06,0.0,0.0,0.0,-1.57079,0.0,1.57079,-0.7853,0.0,0.0,0.0,0.0,0.0,0.0,0.0,0.0,0.0
4,1,2,0.028,8.079035784077141e-07,0.0011209111918411025,9.59025220661768e-07,-1.5719186917508672,-4.906700657683326e-05,1.570631343622051,-0.7853000974331612,6.3837378833698974e-06,0.05122814867776463,2.090980349870432e-06,-0.04734447027050477,-0.0022811359830598797,-0.006692236643656343,-3.885643942118121e-06,0.0,0.0,0.0,-1.57079,0.0,1.57079,-0.7853,0.0,0.0,0.0,0.0,0.0,0.0,0.0,0.0,0.0
4,2,1,0.03,8.141798658192886e-07,0.0012228494348764012,9.555744889634106e-07,-1.5720125606324782,-5.36509102954611e-05,1.5706180514055992,-0.7853001043997829,3.138143705787244e-06,0.05096912151764929,-1.7253658491786652e-06,-0.04693444080552417,-0.002291951859313924,-0.006646108225919599,-3.4833108858225966e-06,0.0,0.0,0.0,-1.57079,0.0,1.57079,-0.7853,0.0,0.0,0.0,0.0,0.0,0.0,0.0,0.0,0.0
4,2,2,0.032,8.147377128178624e-07,0.0013239776673358984,9.45536737000091e-07,-1.5721054113286477,-5.824412109222904e-05,1.5706048854965542,-0.7853001105553367,2.789234992869326e-07,0.05056411622974861,-5.018875981659814e-06,-0.04642534808475856,-0.0022966053983839688,-0.006582954522457969,-3.0777768866768947e-06,0.0,0.0,0.0,-1.57079,0.0,1.57079,-0.7853,0.0,0.0,0.0,0.0,0.0,0.0,0.0,0.0,0.0
4,3,1,0.034,8.103146624593864e-07,0.0014240632938916508,9.298790425692909e-07,-1.5721970877054496,-6.283627666257799e-05,1.570591872883475,-0.7853001159115919,-2.21152517923796e-06,0.05004281327787621,-7.82884721540006e-06,-0.0458381884010244,-0.0022960777851744737,-0.0065063065396295345,-2.678127582483032e-06,0.0,0.0,0.0,-1.57079,0.0,1.57079,-0.7853,0.0,0.0,0.0,0.0,0.0,0.0,0.0,0.0,0.0
4,3,2,0.036000000000000004,8.01600223524815e-07,0.0015229225409369687,9.094816352370589e-07,-1.5722874681308237,-6.74186721922971e-05,1.5705790347516582,-0.785300120493618,-4.357219467285749e-06,0.049429623522659026,-1.0198703666116023e-05,-0.045190212687025645,-0.0022911977648595546,-0.006419065908418058,-2.2910130343170396e-06,0.0,0.0,0.0,-1.57079,0.0,1.57079,-0.7853,0.0,0.0,0.0,0.0,0.0,0.0,0.0,0.0,0.0
5,1,1,0.038,7.892287548650883e-07,0.0016204117586040444,8.851353365429499e-07,-1.5723764592959948,-7.198400405072859e-05,1.570566387520829,-0.7853001243359277,-6.185734329863359e-06,0.048744608833537775,-1.2173149347054494e-05,-0.04449558258551756,-0.0022826659292157444,-0.006323615414533579,-1.9211548345099267e-06,0.0,0.0,0.0,-1.57079,0.0,1.57079,-0.7853,0.0,0.0,0.0,0.0,0.0,0.0,0.0,0.0,0.0
5,1,2,0.04,7.737764328474858e-07,0.0017164202434208394,8.575429020038521e-07,-1.5724639911189986,-7.65261541326973e-05,1.5705539437007934,-0.7853001274794414,-7.726161008801268e-06,0.0480042424083975,-1.3796217269548884e-05,-0.043765911501891804,-0.00227107504098436,-0.0062219100178934625,-1.5717569108363117e-06,0.0,0.0,0.0,-1.57079,0.0,1.57079,-0.7853,0.0,0.0,0.0,0.0,0.0,0.0,0.0,0.0,0.0
5,2,1,0.042,7.557610711751248e-07,0.0018108643165947993,8.273229336001781e-07,-1.5725500125410083,-8.104000824620343e-05,1.5705417125970498,-0.7853001299691164,-9.007680836180504e-06,0.047222036586979904,-1.510998420183703e-05,-0.04301071100491442,-0.002256927056753061,-0.006115551871778315,-1.2448374497452373e-06,0.0,0.0,0.0,-1.57079,0.0,1.57079,-0.7853,0.0,0.0,0.0,0.0,0.0,0.0,0.0,0.0,0.0
5,2,2,0.044,7.356438714693018e-07,0.0019036824389804493,7.950153843112471e-07,-1.572634488059443,-8.552130303708506e-05,1.5705297008926682,-0.7853001318521091,-1.005859985291149e-05,0.046409061192824966,-1.615377464446549e-05,-0.04223775921735313,-0.0022406473954408148,-0.006005852190795726,-9.41496372178782e-07,0.0,0.0,0.0,-1.57079,0.0,1.57079,-0.7853,0.0,0.0,0.0,0.0,0.0,0.0,0.0,0.0,0.0
5,3,1,0.046,7.138324210279062e-07,0.0019948311819038144,7.610879452975473e-07,-1.572717394869168,-8.996649685077805e-05,1.5705179131280864,-0.7853001331763696,-1.0905725220697827e-05,0.04557437146168257,-1.696371950684991e-05,-0.04145340486252049,-0.0022225969068464923,-0.005893882290894889,-6.621302473512192e-07,0.0,0.0,0.0,-1.57079,0.0,1.57079,-0.7853,0.0,0.0,0.0,0.0,0.0,0.0,0.0,0.0,0.0
5,3,2,0.048,6.906844366286406e-07,0.0020842819045208184,7.259428103212062e-07,-1.5727987205056024,-9.437266068758301e-05,1.5705063520966769,-0.7853001339895784,-1.1573992199632756e-05,0.04472536130850193,-1.7572567488170544e-05,-0.04066281821724437,-0.0022030819184024786,-0.0057805157047351495,-4.066044034396936e-07,0.0,0.0,0.0,-1.57079,0.0,1.57079,-0.7853,0.0,0.0,0.0,0.0,0.0,0.0,0.0,0.0,0.0
6,1,1,0.05,6.665118923762647e-07,0.002172018014413184,6.899234656429305e-07,-1.5728784609020927,-9.873738603777538e-05,1.5704950191708038,-0.7853001343383589,-1.2086272126187972e-05,0.043868054946182816,-1.800967233913789e-05,-0.039870198245186145,-0.002182362675096186,-0.00566646293656132,-1.743902345689585e-07,0.0,0.0,0.0,-1.57079,0.0,1.57079,-0.7853,0.0,0.0,0.0,0.0,0.0,0.0,0.0,0.0,0.0
6,1,2,0.052000000000000005,6.415852750420605e-07,0.002258032709620825,6.533212684240861e-07,-1.5729566187892132,-0.00010305870690795196,1.570483914570515,-0.7853001342677074,-1.2463308667102128e-05,0.04300734760382041,-1.830109860942215e-05,-0.039078943560255354,-0.0021606604350882905,-0.005552300144418126,3.532574848310375e-08,0.0,0.0,0.0,-1.57079,0.0,1.57079,-0.7853,0.0,0.0,0.0,0.0,0.0,0.0,0.0,0.0,0.0
6,2,1,0.054,6.161377896948791e-07,0.002342327118060574,6.16381661580635e-07,-1.5730332023762783,-0.00010733503378790863,1.5704730375848925,-0.7853001338205958,-1.2723742673590642e-05,0.042147204219874564,-1.8469803421725614e-05,-0.03829179353251901,-0.00213816343997833,-0.00543849281115107,2.2355576659134654e-07,0.0,0.0,0.0,-1.57079,0.0,1.57079,-0.7853,0.0,0.0,0.0,0.0,0.0,0.0,0.0,0.0,0.0
6,2,2,0.056,5.903693976280196e-07,0.0024249087649385785,5.793099350936118e-07,-1.5731082242657712,-0.00011156509767274311,1.5704623867543335,-0.7853001330377095,-1.2884196033429744e-05,0.04129082343900235,-1.853586324351159e-05,-0.0375109447465117,-0.0021150319424172387,-0.005325415279549716,3.914431438457992e-07,0.0,0.0,0.0,-1.57079,0.0,1.57079,-0.7853,0.0,0.0,0.0,0.0,0.0,0.0,0.0,0.0,0.0
6,3,1,0.058,5.644506123049134e-07,0.002505790310866334,5.42276488439082e-07,-1.573181700559996,-0.00011574790255992684,1.5704519600205857,-0.7853001319572902,-1.295939266155309e-05,0.040440772963877665,-1.851672332726489e-05,-0.03673814711237497,-0.002091402443591863,-0.005213366873856417,5.402096283610264e-07,0.0,0.0,0.0,-1.57079,0.0,1.57079,-0.7853,0.0,0.0,0.0,0.0,0.0,0.0,0.0,0.0,0.0
6,3,2,0.06,5.385260109189359e-07,0.00258498851338312,5.054215802994431e-07,-1.5732536501263557,-0.00011988268509588466,1.5704417548501786,-0.7853001306150607,-1.296230069298876e-05,0.039599101258393034,-1.842745406981947e-05,-0.035974783179849416,-0.002067391267978914,-0.005102585203551186,6.711147475399675e-07,0.0,0.0,0.0,-1.57079,0.0,1.57079,-0.7853,0.0,0.0,0.0,0.0,0.0,0.0,0.0,0.0,0.0
6,4,1,0.062,5.127174420231789e-07,0.00266252337283819,4.6885957333813996e-07,-1.5733240939935271,-0.00012396888025954775,1.5704317683358961,-0.785300129044211,-1.2904284447878495e-05,0.038767429727534906,-1.8281003480651555e-05,-0.03522193358577431,-0.0020430975818315506,-0.004993257141260336,7.854248231826671e-07,0.0,0.0,0.0,-1.57079,0.0,1.57079,-0.7853,0.0,0.0,0.0,0.0,0.0,0.0,0.0,0.0,0.0
6,4,2,0.064,4.871269257354637e-07,0.0027384174303980648,4.3268269609032994e-07,-1.573393054855636,-0.00012800609214837596,1.5704219972801345,-0.7853001272754315,-1.2795258143857576e-05,0.037947028779937296,-1.808843862390502e-05,-0.03448043105449089,-0.0020186059444141065,-0.004885527880749712,8.84389713379664e-07,0.0,0.0,0.0,-1.57079,0.0,1.57079,-0.7853,0.0,0.0,0.0,0.0,0.0,0.0,0.0,0.0,0.0
7,1,1,0.066,4.6183925396492384e-07,0.002812695191568451,3.969643528837668e-07,-1.573460556665533,-0.00013199406908128285,1.5704124382633144,-0.7853001253369801,-1.264383588526991e-05,0.03713888058519303,-1.7859171603281572e-05,-0.0337509049485333,-0.001993988466453439,-0.004779508410050487,9.692257107419698e-07,0.0,0.0,0.0,-1.57079,0.0,1.57079,-0.7853,0.0,0.0,0.0,0.0,0.0,0.0,0.0,0.0,0.0
7,1,2,0.068,4.369243052511882e-07,0.0028853826532636707,3.617620176388811e-07,-1.5735266243015702,-0.00013593268235756643,1.5704030876999617,-0.7853001232547735,-1.2457474356867806e-05,0.036343730847609876,-1.7601167622442832e-05,-0.03303381801859048,-0.0019693066381417973,-0.004675281676360403,1.041103321966558e-06,0.0,0.0,0.0,-1.57079,0.0,1.57079,-0.7853,0.0,0.0,0.0,0.0,0.0,0.0,0.0,0.0,0.0
7,2,1,0.07,4.124390931622027e-07,0.0029565069162900736,3.271197495297059e-07,-1.5735912832949983,-0.00013982190811536802,1.5703939418846198,-0.7853001210524957,-1.224260604449277e-05,0.035562131513201374,-1.7321134054587617e-05,-0.03232949671409487,-0.0019446128789007947,-0.0045729076710181,1.1011388968745969e-06,0.0,0.0,0.0,-1.57079,0.0,1.57079,-0.7853,0.0,0.0,0.0,0.0,0.0,0.0,0.0,0.0,0.0
7,2,2,0.07200000000000001,3.8842956953034624e-07,0.0030260958682748564,2.930703686659319e-07,-1.573654559607355,-0.00014366181182069536,1.5703849970293737,-0.7853001187517171,-1.2004761815928216e-05,0.03479447599239139,-1.7024690431886998e-05,-0.031638156178335375,-0.0019199518526636717,-0.004472427623066895,1.1503892715067338e-06,0.0,0.0,0.0,-1.57079,0.0,1.57079,-0.7853,0.0,0.0,0.0,0.0,0.0,0.0,0.0,0.0,0.0
7,3,1,0.074,3.6493220470176513e-07,0.0030941779246846275,2.596373288153747e-07,-1.573716479449067,-0.0001474525349914425,1.5703762492944597,-0.7853001163720196,-1.1748682414290558e-05,0.034041028204885526,-1.6716519925278605e-05,-0.030959920855968586,-0.0018953615853735562,-0.004373867457001409,1.1898487529699438e-06,0.0,0.0,0.0,-1.57079,0.0,1.57079,-0.7853,0.0,0.0,0.0,0.0,0.0,0.0,0.0,0.0,0.0
7,3,2,0.076,3.4197536687001864e-07,0.003160781817735184,2.268363221949578e-07,-1.573777069132025,-0.00015119428382243474,1.5703676948131735,-0.7853001139311238,-1.1478418915873249e-05,0.033301946525278264,-1.6400503310208437e-05,-0.030294841478929024,-0.0018708744154961293,-0.004277240643155205,1.2204479033824564e-06,0.0,0.0,0.0,-1.57079,0.0,1.57079,-0.7853,0.0,0.0,0.0,0.0,0.0,0.0,0.0,0.0,0.0
7,4,1,0.078,3.195805217905556e-07,0.0032259364247748013,1.9467664886083337e-07,-1.5738363549501513,-0.00015488731942926156,1.57035932971208,-0.7853001114450163,-1.1197422539731536e-05,0.03257730351980867,-1.6079836667062214e-05,-0.02964290906312265,-0.0018465178034134035,-0.004182550546791971,1.2430536897275905e-06,0.0,0.0,0.0,-1.57079,0.0,1.57079,-0.7853,0.0,0.0,0.0,0.0,0.0,0.0,0.0,0.0,0.0
7,4,2,0.08,2.9776327297021234e-07,0.003289670629193463,1.6316238047235342e-07,-1.5738943630830273,-0.00015853194947214157,1.570351150127353,-0.785300108928075,-1.0908624410171625e-05,0.031867102209330915,-1.5757134194239974e-05,-0.029004066437986892,-0.0018223150214400033,-0.004089792363413177,1.2584706519728976e-06,0.0,0.0,0.0,-1.57079,0.0,1.57079,-0.7853,0.0,0.0,0.0,0.0,0.0,0.0,0.0,0.0,0.0
8,1,1,0.082,2.7653426097333567e-07,0.0033520132081241087,1.3229334536507484e-07,-1.5739511195185072,-0.00016212852095764238,1.5703431522179279,-0.7853001063931894,-1.0614505998438349e-05,0.031171289465322854,-1.5434517553639284e-05,-0.028378217739900465,-0.0017982857427504134,-0.003998954712595143,1.2674428135037315e-06,0.0,0.0,0.0,-1.57079,0.0,1.57079,-0.7853,0.0,0.0,0.0,0.0,0.0,0.0,0.0,0.0,0.0
8,1,2,0.084,2.5589993891115614e-07,0.003412992742203864,1.0206595906559949e-07,-1.5740066499909577,-0.00016567741404686985,1.5703353321760278,-0.7853001038518771,-1.0317161031089767e-05,0.030489767039877564,-1.5113693149737671e-05,-0.027765236225226614,-0.0017744465446137298,-0.003910020949983972,1.2706561153430362e-06,0.0,0.0,0.0,-1.57079,0.0,1.57079,-0.7853,0.0,0.0,0.0,0.0,0.0,0.0,0.0,0.0,0.0
8,2,1,0.08600000000000001,2.3586323957383586e-07,0.00347263754349025,7.247392169585834e-08,-1.5740609799323513,-0.0001691790367246897,1.5703276862355344,-0.7853001013143946,-1.0018349668660149e-05,0.029822400643192894,-1.4796018684870573e-05,-0.02716497069673515,-0.0017508113389099243,-0.003822970246723126,1.2687412021256743e-06,0.0,0.0,0.0,-1.57079,0.0,1.57079,-0.7853,0.0,0.0,0.0,0.0,0.0,0.0,0.0,0.0,0.0
8,2,2,0.088,2.1642414808691843e-07,0.0035309755983101154,4.350880119589658e-08,-1.574114134433923,-0.00017263382020642714,1.5703202106785805,-0.7853000987898417,-9.71954574345871e-06,0.029169027409932716,-1.4482560249980881e-05,-0.026577250785834453,-0.0017273917408687142,-0.0037377784769624294,1.262276425304276e-06,0.0,0.0,0.0,-1.57079,0.0,1.57079,-0.7853,0.0,0.0,0.0,0.0,0.0,0.0,0.0,0.0,0.0
8,3,1,0.09,1.9758019246665148e-07,0.0035880345223825807,1.516051897111883e-08,-1.5741661382165044,-0.00017604221497696283,1.5703129018406865,-0.7853000962862599,-9.421977810133474e-06,0.028529462036232623,-1.4174141112388874e-05,-0.02600189129079506,-0.0017041973852678458,-0.0036544189470127508,1.2517909598144327e-06,0.0,0.0,0.0,-1.57079,0.0,1.57079,-0.7853,0.0,0.0,0.0,0.0,0.0,0.0,0.0,0.0,0.0
8,3,2,0.092,1.7932686303694957e-07,0.003643841526022496,-1.2582247545730704e-08,-1.5742170156079767,-0.000179404687372753,1.5703057561146987,-0.785300093810724,-9.126664714850952e-06,0.027903501819957707,-1.3871383258424767e-05,-0.02543869573616578,-0.0016812361978950714,-0.003572862993865615,1.2377679540558417e-06,0.0,0.0,0.0,-1.57079,0.0,1.57079,-0.7853,0.0,0.0,0.0,0.0,0.0,0.0,0.0,0.0,0.0
8,4,1,0.094,1.6165797036873007e-07,0.0036984233876149034,-3.973173283364773e-08,-1.5742667905265562,-0.00018272171663050329,1.5702987699537467,-0.7853000913694287,-8.834446334109748e-06,0.02729093079620362,-1.3574742643958513e-05,-0.024887459289783916,-0.0016585146288751458,-0.00349308047592812,1.2206476532021442e-06,0.0,0.0,0.0,-1.57079,0.0,1.57079,-0.7853,0.0,0.0,0.0,0.0,0.0,0.0,0.0,0.0,0.0
8,4,2,0.096,1.4456498655684502e-07,0.00375180642156037,-6.6304124182216e-08,-1.5743154860435453,-0.00018599380361910108,1.5702919336158412,-0.7853000889699876,-8.54649190594253e-06,0.026691516972733142,-1.3286195674284135e-05,-0.024347758494547234,-0.0016360434942988967,-0.003418168952819351,1.199720519168695e-06,0.0,0.0,0.0,-1.57079,0.0,1.57079,-0.7853,0.0,0.0,0.0,0.0,0.0,0.0,0.0,0.0,0.0
8,5,1,0.098,1.2803875967500812e-07,0.003804016410659341,-9.231467231087986e-08,-1.574363125037481,-0.00018922145773982944,1.5702852378279726,-0.7853000866187311,-8.263113440918441e-06,0.02610499454948554,-1.3005274064331932e-05,-0.023819496967801532,-0.0016138270603641763,-0.003347893934338978,1.1756282378900678e-06,0.0,0.0,0.0,-1.57079,0.0,1.57079,-0.7853,0.0,0.0,0.0,0.0,0.0,0.0,0.0,0.0,0.0
8,5,2,0.1,1.1206962207575453e-07,0.0038550786558225188,-1.1777784659971012e-07,-1.5744097300884548,-0.00019240519263220447,1.5702786741863795,-0.7853000843207966,-7.984568799626799e-06,0.025531122581588878,-1.273158714441513e-05,-0.023302525486834577,-0.0015918674461875173,-0.003281820796576057,1.1489672490771018e-06,0.0,0.0,0.0,-1.57079,0.0,1.57079,-0.7853,0.0,0.0,0.0,0.0,0.0,0.0,0.0,0.0,0.0
9,1,1,0.10200000000000001,9.664742961701402e-08,0.0039050179943369216,-1.4270758210556392e-07,-1.574455323403115,-0.00019554552406470085,1.5702722350825604,-0.7853000820803283,-7.711096229370255e-06,0.024969669257201413,-1.2464867752926895e-05,-0.022796657330048816,-0.0015701657162481906,-0.003219551909532248,1.120234118591958e-06,0.0,0.0,0.0,-1.57079,0.0,1.57079,-0.7853,0.0,0.0,0.0,0.0,0.0,0.0,0.0,0.0,0.0
9,1,2,0.10400000000000001,8.176162205119592e-08,0.003953858801950374,-1.6711739172986364e-07,-1.5744999267818178,-0.000198642968613251,1.5702659136289505,-0.7853000799006244,-7.442903782909046e-06,0.024420403806726457,-1.2204904812149855e-05,-0.02230168935151354,-0.0015487222742750703,-0.003160726804918223,1.0898519074198792e-06,0.0,0.0,0.0,-1.57079,0.0,1.57079,-0.7853,0.0,0.0,0.0,0.0,0.0,0.0,0.0,0.0,0.0
9,2,1,0.106,6.74012902863445e-08,0.004001624990499869,-1.9102041885243403e-07,-1.5745435616045955,-0.00020169804272375164,1.5702597035888033,-0.7853000777842549,-7.180165882425705e-06,0.023883094274747656,-1.1951513561285195e-05,-0.021817411388847418,-0.0015275370552503172,-0.0031050200736182213,1.058184757606475e-06,0.0,0.0,0.0,-1.57079,0.0,1.57079,-0.7853,0.0,0.0,0.0,0.0,0.0,0.0,0.0,0.0,0.0
9,2,2,0.108,5.35552438569211e-08,0.004048340005485808,-2.144294629290638e-07,-1.57458624882604,-0.00020471126198385017,1.5702535993117264,-0.7853000757331604,-6.9230232147117035e-06,0.02335750749296959,-1.1704522038314885e-05,-0.0213436107222181,-0.001506609630049267,-0.0030521385384679875,1.025547231860146e-06,0.0,0.0,0.0,-1.57079,0.0,1.57079,-0.7853,0.0,0.0,0.0,0.0,0.0,0.0,0.0,0.0,0.0
9,3,1,0.11,4.0212075403083045e-08,0.004094026825055864,-2.3735699249064238e-07,-1.5746280089747926,-0.00020768314052494315,1.570247595675088,-0.7853000737487381,-6.671584226919027e-06,0.022843409785027725,-1.1463764780789287e-05,-0.02088007437627308,-0.0014859392705464868,-0.00300181831915254,9.92211135200293e-07,0.0,0.0,0.0,-1.57079,0.0,1.57079,-0.7853,0.0,0.0,0.0,0.0,0.0,0.0,0.0,0.0,0.0
9,3,2,0.112,2.73602206170591e-08,0.004138707960715449,-2.598151522225512e-07,-1.5746688621556648,-0.0002106141905158362,1.5702416880310375,-0.7853000718319162,-6.425927393011972e-06,0.022340567829792612,-1.1229079865954411e-05,-0.020426590436095148,-0.0014655249954465253,-0.0029538220253494778,9.584109759810453e-07,0.0,0.0,0.0,-1.57079,0.0,1.57079,-0.7853,0.0,0.0,0.0,0.0,0.0,0.0,0.0,0.0,0.0
9,4,1,0.114,1.4988012966477658e-08,0.0041824054596613595,-2.818157673683849e-07,-1.5747088280534194,-0.0002135049217271362,1.5702358721587193,-0.785300069983219,-6.186103825290721e-06,0.021848749472955196,-1.1000307572916876e-05,-0.01998294887725075,-0.001445365605649999,-0.0029079361590751136,9.243485752056407e-07,0.0,0.0,0.0,-1.57079,0.0,1.57079,-0.7853,0.0,0.0,0.0,0.0,0.0,0.0,0.0,0.0,0.0
9,4,2,0.116,3.0837329719309914e-09,0.004225140908504544,-3.0337034711214434e-07,-1.5747479259376804,-0.00021635584115348099,1.5702301442212299,-0.7853000682028248,-5.952139997273333e-06,0.02136772442159204,-1.077728987187972e-05,-0.019548942130573125,-0.0014254597131723873,-0.002863968744743297,8.901970625246761e-07,0.0,0.0,0.0,-1.57079,0.0,1.57079,-0.7853,0.0,0.0,0.0,0.0,0.0,0.0,0.0,0.0,0.0
9,5,1,0.11800000000000001,-8.36434791302244e-09,0.004266935438129123,-3.2449008781144016e-07,-1.5747861746686498,-0.00021916745268466768,1.5702245007268678,-0.785300066490616,-5.724040442476716e-06,0.02089726481228951,-1.0559870349647896e-05,-0.019124365484655858,-0.0014058057655933413,-0.0028217471810584155,8.561043841832498e-07,0.0,0.0,0.0,-1.57079,0.0,1.57079,-0.7853,0.0,0.0,0.0,0.0,0.0,0.0,0.0,0.0,0.0
9,5,2,0.12,-1.9367928609945155e-08,0.004307809729455749,-3.4518587654249337e-07,-1.5748235927034067,-0.00022194025681890702,1.5702189384942677,-0.7853000648462232,-5.501790348461357e-06,0.02043714566331314,-1.0347894365526602e-05,-0.018709017378388648,-0.001386402067119671,-0.002781116300035099,8.221963990564504e-07,0.0,0.0,0.0,-1.57079,0.0,1.57079,-0.7853,0.0,0.0,0.0,0.0,0.0,0.0,0.0,0.0,0.0
10,1,1,0.122,-2.993864460717276e-08,0.004347784019909596,-3.654682951855691e-07,-1.5748601981026333,-0.00022467475041277246,1.5702134546210358,-0.785300063269064,-5.285357998613802e-06,0.01998714522692319,-1.0141209321537876e-05,-0.01830269961328447,-0.0013672467969327129,-0.0027419366159356887,7.885796158649804e-07,0.0,0.0,0.0,-1.57079,0.0,1.57079,-0.7853,0.0,0.0,0.0,0.0,0.0,0.0,0.0,0.0,0.0
10,1,2,0.124,-4.0088038678147356e-08,0.004386878110425941,-3.8534762514221154e-07,-1.5748960085376422,-0.00022737142646333817,1.570208046455542,-0.7853000617583767,-5.074697035487298e-06,0.019547045258172534,-9.939664978321218e-06,-0.017905217504497764,-0.0013483380252828612,-0.002704082746895957,7.553436140687884e-07,0.0,0.0,0.0,-1.57079,0.0,1.57079,-0.7853,0.0,0.0,0.0,0.0,0.0,0.0,0.0,0.0,0.0
10,2,1,0.126,-4.9827535745579465e-08,0.004425111372855655,-4.048338526921117e-07,-1.5749310412976099,-0.00023003077391869605,1.570202711571556,-0.7853000603132504,-4.8697485337160545e-06,0.019116631214856877,-9.743113774950063e-06,-0.017516379983825266,-0.001329673727678938,-0.002667441992963781,7.225631838873806e-07,0.0,0.0,0.0,-1.57079,0.0,1.57079,-0.7853,0.0,0.0,0.0,0.0,0.0,0.0,0.0,0.0,0.0
10,2,2,0.128,-5.916842150590495e-08,0.004462502757658043,-4.239366749471946e-07,-1.574965313296939,-0.00023265327751358967,1.570197447745445,-0.78530005893265,-4.670442880162743e-06,0.01869569240119392,-9.551411127541466e-06,-0.017135999664626114,-0.0013112517974468109,-0.002631913055511354,6.903002169601712e-07,0.0,0.0,0.0,-1.57079,0.0,1.57079,-0.7853,0.0,0.0,0.0,0.0,0.0,0.0,0.0,0.0,0.0
10,3,1,0.13,-6.812182443674169e-08,0.004499070801789558,-4.426655063315497e-07,-1.5749988410826918,-0.00023523941762735212,1.5701922529356764,-0.7853000576154392,-4.476701465418373e-06,0.018284022065757632,-9.364415692177534e-06,-0.01676389287643151,-0.0012930700568812255,-0.0025974048842945805,6.586053744335649e-07,0.0,0.0,0.0,-1.57079,0.0,1.57079,-0.7853,0.0,0.0,0.0,0.0,0.0,0.0,0.0,0.0,0.0
10,3,2,0.132,-7.669870082679565e-08,0.00453483363671435,-4.610294855011982e-07,-1.5750316408420426,-0.0002377896701617049,1.570187125264397,-0.7853000563604001,-4.288438195026981e-06,0.01788141746239566,-9.181989584824257e-06,-0.01639987967541809,-0.0012751262671763957,-0.0025638356396743894,6.275195573572714e-07,0.0,0.0,0.0,-1.57079,0.0,1.57079,-0.7853,0.0,0.0,0.0,0.0,0.0,0.0,0.0,0.0,0.0
10,4,1,0.134,-8.490982248964937e-08,0.00456980899647697,-4.790374826124466e-07,-1.5750637284097142,-0.00024030450643628757,1.5701820630008796,-0.7853000551662497,-4.105560831426858e-06,0.01748767988130995,-9.00399855562422e-06,-0.016043783835741593,-0.0012574181372913267,-0.002531131758694234,5.970752023933835e-07,0.0,0.0,0.0,-1.57079,0.0,1.57079,-0.7853,0.0,0.0,0.0,0.0,0.0,0.0,0.0,0.0,0.0
10,4,2,0.136,-9.276576684780627e-08,0.004604014225789375,-4.966981068486855e-07,-1.5750951192753657,-0.0002427843931000504,1.57017706454665,-0.7853000540316548,-3.927972179078453e-06,0.01710261465620225,-8.83031211811938e-06,-0.015695432825758936,-0.0012399433318814224,-0.0024992271147733724,5.672974205252954e-07,0.0,0.0,0.0,-1.57079,0.0,1.57079,-0.7853,0.0,0.0,0.0,0.0,0.0,0.0,0.0,0.0,0.0
10,5,1,0.138,-1.0027690909958685e-07,0.004637466288093999,-5.140197141205235e-07,-1.5751258285909107,-0.00024522979205686727,1.5701721284221264,-0.7853000529552449,-3.7555711258902874e-06,0.016726031152311912,-8.660803635919015e-06,-0.015354657772422724,-0.0012226994784084412,-0.002468062261764842,5.382049988570096e-07,0.0,0.0,0.0,-1.57079,0.0,1.57079,-0.7853,0.0,0.0,0.0,0.0,0.0,0.0,0.0,0.0,0.0
10,5,2,0.14,-1.0745341620781623e-07,0.004670181773572596,-5.310104148616186e-07,-1.5751558711777436,-0.000247641160403916,1.5701672532546183,-0.7853000519356222,-3.588253554114693e-06,0.016357742739298915,-8.495350370547573e-06,-0.01502129341649905,-0.0012056841735243557,-0.002437583754015717,5.098112791703307e-07,0.0,0.0,0.0,-1.57079,0.0,1.57079,-0.7853,0.0,0.0,0.0,0.0,0.0,0.0,0.0,0.0,0.0
10,6,1,0.14200000000000002,-1.1430524247489222e-07,0.004702176907076983,-5.476780818511903e-07,-1.575185261533865,-0.0002500189503815388,1.5701624377675485,-0.7853000509713723,-3.425913133537995e-06,0.015997566752193167,-8.333833494785838e-06,-0.014695178060774439,-0.0011888949888113809,-0.0024077435348813328,4.821249283258363e-07,0.0,0.0,0.0,-1.57079,0.0,1.57079,-0.7853,0.0,0.0,0.0,0.0,0.0,0.0,0.0,0.0,0.0
10,6,2,0.14400000000000002,-1.2084212649328205e-07,0.004733467555963067,-5.640303580033776e-07,-1.575214013840891,-0.0002523636093334366,1.5701576807707747,-0.7853000500610711,-3.268442009194911e-06,0.01564532444304216,-8.176138076093659e-06,-0.014376153512989195,-0.0011723294759489094,-0.0023784983868803205,4.551506131810454e-07,0.0,0.0,0.0,-1.57079,0.0,1.57079,-0.7853,0.0,0.0,0.0,0.0,0.0,0.0,0.0,0.0,0.0
11,1,1,0.146,-1.2707358928341398e-07,0.004764069237813863,-5.800746640726771e-07,-1.5752421419709408,-0.0002546755796761739,1.5701529811519,-0.7853000492032919,-3.1157313950659662e-06,0.015300840925398107,-8.022153034649745e-06,-0.014064065024901366,-0.0011559851713686736,-0.0023498094373422982,4.288895907698912e-07,0.0,0.0,0.0,-1.57079,0.0,1.57079,-0.7853,0.0,0.0,0.0,0.0,0.0,0.0,0.0,0.0,0.0
11,1,2,0.148,-1.330089334521216e-07,0.0047939971280406245,-5.958182062332815e-07,-1.5752696594933981,-0.00025695529887707723,1.570148337868472,-0.7853000483966114,-2.967672084353808e-06,0.01496394511338044,-7.871771080302202e-06,-0.013758761228622343,-0.0011398596004516637,-0.0023216417140058273,4.0334022393400886e-07,0.0,0.0,0.0,-1.57079,0.0,1.57079,-0.7853,0.0,0.0,0.0,0.0,0.0,0.0,0.0,0.0,0.0
11,2,1,0.15,-1.3865724322421185e-07,0.004823266067354072,-6.112679834981303e-07,-1.5752965796815404,-0.00025920319943970423,1.5701437499409807,-0.7853000476396145,-2.824154886045125e-06,0.014634469656723782,-7.724888632424426e-06,-0.013460094071132621,-0.0011239502813134889,-0.0022939637455705437,3.7849843065796157e-07,0.0,0.0,0.0,-1.57079,0.0,1.57079,-0.7853,0.0,0.0,0.0,0.0,0.0,0.0,0.0,0.0,0.0
11,2,2,0.152,-1.440273852173672e-07,0.00485189056909998,-6.264307949507436e-07,-1.5753229155190358,-0.00026141970889614246,1.5701392164465753,-0.7853000469308983,-2.6850709965776788e-06,0.014312250872954032,-7.581405726306635e-06,-0.013167918747698433,-0.001108254728219115,-0.002266747202695825,3.543580762379152e-07,0.0,0.0,0.0,-1.57079,0.0,1.57079,-0.7853,0.0,0.0,0.0,0.0,0.0,0.0,0.0,0.0,0.0
11,3,1,0.154,-1.4912800984647972e-07,0.004879884826455201,-6.413132467693059e-07,-1.5753486797063054,-0.0002636052498054689,1.5701347365134244,-0.7853000462690757,-2.5503123145562562e-06,0.013997128677610644,-7.441225909281127e-06,-0.012882093634769635,-0.0010927704546632112,-0.0022399665753910104,3.3091131370010237e-07,0.0,0.0,0.0,-1.57079,0.0,1.57079,-0.7853,0.0,0.0,0.0,0.0,0.0,0.0,0.0,0.0,0.0
11,3,2,0.156,-1.5396755325776154e-07,0.004907262719481707,-6.559217590280513e-07,-1.575373884666751,-0.0002657602397577653,1.570130309315658,-0.7853000456527779,-2.4197717056409107e-06,0.013688946513252566,-7.304256129372691e-06,-0.012602480222821302,-0.001077494976148215,-0.002213598883140181,3.081488799641337e-07,0.0,0.0,0.0,-1.57079,0.0,1.57079,-0.7853,0.0,0.0,0.0,0.0,0.0,0.0,0.0,0.0,0.0
11,4,1,0.158,-1.5855423970568895e-07,0.004934037822037391,-6.702625722658575e-07,-1.57539854255285,-0.00026788509138314236,1.5701259340688292,-0.7853000450806572,-2.293343223963714e-06,0.013387551277841912,-7.170406618903141e-06,-0.012328943049491517,-0.0010624258126885292,-0.0021876234144699194,2.860603519076006e-07,0.0,0.0,0.0,-1.57079,0.0,1.57079,-0.7853,0.0,0.0,0.0,0.0,0.0,0.0,0.0,0.0,0.0
11,4,2,0.16,-1.62896084297127e-07,0.004960223408543343,-6.843417538160512e-07,-1.5754226652521166,-0.00026998021236527496,1.5701216100258433,-0.7853000445513885,-2.1709222957190267e-06,0.013092793252976109,-7.039590775096884e-06,-0.012061349633296418,-0.0010475604910663043,-0.0021620214929941373,2.64634368725342e-07,0.0,0.0,0.0,-1.57079,0.0,1.57079,-0.7853,0.0,0.0,0.0,0.0,0.0,0.0,0.0,0.0,0.0
11,5,1,0.162,-1.670008960369602e-07,0.004985832460608026,-6.981652038948457e-07,-1.5754462643929328,-0.0002720460054589982,1.5701173364733088,-0.7853000440636708,-2.052405869916604e-06,0.012804526032341508,-6.911725039397193e-06,-0.011799570408138385,-0.0010328965468616063,-0.002136776267269297,2.438588230158435e-07,0.0,0.0,0.0,-1.57079,0.0,1.57079,-0.7853,0.0,0.0,0.0,0.0,0.0,0.0,0.0,0.0,0.0
11,5,2,0.164,-1.708762811183721e-07,0.005010877673509392,-7.117386614486878e-07,-1.5754693513502502,-0.0002740828685115529,1.5701131127282646,-0.7853000436162287,-1.937692540705952e-06,0.012522606450683258,-6.786728776921085e-06,-0.011543478658767084,-0.0010184315262773782,-0.0021118725220567536,2.2372102613296422e-07,0.0,0.0,0.0,-1.57079,0.0,1.57079,-0.7853,0.0,0.0,0.0,0.0,0.0,0.0,0.0,0.0,0.0
11,6,1,0.166,-1.7452964640864914e-07,0.00503537146253643,-7.250677097630639e-07,-1.5754919372511649,-0.0002760911944871083,1.5701089381352469,-0.785300043207813,-1.8266826451385196e-06,0.012246894513518772,-6.6645241571880936e-06,-0.011292950457318634,-0.0010041629877776946,-0.0020872965088314537,2.0420784997360294e-07,0.0,0.0,0.0,-1.57079,0.0,1.57079,-0.7853,0.0,0.0,0.0,0.0,0.0,0.0,0.0,0.0,0.0
11,6,2,0.168,-1.7796820308817766e-07,0.005059325969191972,-7.38157781837148e-07,-1.575514032980367,-0.00027807137149422017,1.5701048120636596,-0.7853000428372013,-1.7192783397642557e-06,0.011977253327771343,-6.545036037042038e-06,-0.011047864601019995,-0.0009900885035559483,-0.002063035793592261,1.853058484085469e-07,0.0,0.0,0.0,-1.57079,0.0,1.57079,-0.7853,0.0,0.0,0.0,0.0,0.0,0.0,0.0,0.0,0.0
12,1,1,0.17,-1.8119897040624974e-07,0.00508275306725889,-7.510141655301296e-07,-1.5755356491854693,-0.00028002378281591616,1.5701007339054192,-0.7853000425031986,-1.6153836590360357e-06,0.01171354903345909,-6.428191846490799e-06,-0.010808102551115542,-0.000976205660847991,-0.002039079120223084,1.6700136124253252e-07,0.0,0.0,0.0,-1.57079,0.0,1.57079,-0.7853,0.0,0.0,0.0,0.0,0.0,0.0,0.0,0.0,0.0
12,1,2,0.17200000000000001,-1.8422877952247975e-07,0.005105664368731967,-7.636420084861371e-07,-1.5755567962822155,-0.000281948806942124,1.5700967030728434,-0.7853000422046374,-1.5149045581150011e-06,0.011455650736538349,-6.313921478003766e-06,-0.01057354837305534,-0.0009625120631039116,-0.0020154162878308515,1.492806024518613e-07,0.0,0.0,0.0,-1.57079,0.0,1.57079,-0.7853,0.0,0.0,0.0,0.0,0.0,0.0,0.0,0.0,0.0
12,2,1,0.17400000000000002,-1.870642774071399e-07,0.005128071229617905,-7.760463228453976e-07,-1.5755774844595714,-0.00028384681760418605,1.5700927189967622,-0.785300041940378,-1.4177489423300715e-06,0.011203430442969125,-6.202157179630272e-06,-0.010344088677980028,-0.0009490053310310411,-0.001992038040646461,1.3212973517398734e-07,0.0,0.0,0.0,-1.57079,0.0,1.57079,-0.7853,0.0,0.0,0.0,0.0,0.0,0.0,0.0,0.0,0.0
12,2,2,0.176,-1.8971193077768415e-07,0.005149984755606026,-7.882319897499458e-07,-1.5755977236847023,-0.0002857181838112244,1.5700887811248236,-0.7853000417093081,-1.3238266852721246e-06,0.010956762994060783,-6.092833452274133e-06,-0.010119612565488077,-0.000935683103519177,-0.001968935969212184,1.1553493490811003e-07,0.0,0.0,0.0,-1.57079,0.0,1.57079,-0.7853,0.0,0.0,0.0,0.0,0.0,0.0,0.0,0.0,0.0
12,3,1,0.178,-1.9217803005211674e-07,0.005171415807612269,-8.002037636524075e-07,-1.5756175237078378,-0.0002875632698881417,1.57008488891998,-0.7853000415103433,-1.233049637216299e-06,0.010715526003121196,-5.985886951230812e-06,-0.009900011567707128,-0.0009225430384586541,-0.0019461024217126866,9.948244269798374e-08,0.0,0.0,0.0,-1.57079,0.0,1.57079,-0.7853,0.0,0.0,0.0,0.0,0.0,0.0,0.0,0.0,0.0
12,3,2,0.18,-1.944686933028313e-07,0.005192375007199129,-8.119662764365956e-07,-1.5756368940670271,-0.0002893824355150628,1.5700810418591313,-0.785300041342426,-1.1453316253572695e-06,0.010479599793430158,-5.88125639209403e-06,-0.009685179594653445,-0.0009095828134605633,-0.0019235304244214094,8.395860942970335e-08,0.0,0.0,0.0,-1.57079,0.0,1.57079,-0.7853,0.0,0.0,0.0,0.0,0.0,0.0,0.0,0.0,0.0
12,4,1,0.182,-1.9658987019711764e-07,0.005212872741874222,-8.235240413587297e-07,-1.5756558440927888,-0.00029117603576803803,1.5700772394319107,-0.7853000412045261,-1.0605884471431689e-06,0.010248867337546364,-5.778882461067064e-06,-0.009475012880857229,-0.0008968001264876149,-0.0019012136103322684,6.894993241353052e-08,0.0,0.0,0.0,-1.57079,0.0,1.57079,-0.7853,0.0,0.0,0.0,0.0,0.0,0.0,0.0,0.0,0.0
12,4,2,0.184,-1.9854734591273953e-07,0.005232919170270106,-8.348814568179616e-07,-1.5756743829126554,-0.0002929444211608453,1.5700734811396004,-0.78530004109564,-9.78737857810946e-07,0.010023214197941955,-5.6787077296159614e-06,-0.009269409933243915,-0.0008841926964036337,-0.0018791461551483826,5.4443085462331954e-08,0.0,0.0,0.0,-1.57079,0.0,1.57079,-0.7853,0.0,0.0,0.0,0.0,0.0,0.0,0.0,0.0,0.0
12,5,1,0.186,-2.003467450189103e-07,0.005252524227208024,-8.460428099647777e-07,-1.575692519455616,-0.0002946879376877428,1.5700697664941607,-0.7853000410147901,-8.996995530853716e-07,0.009802528468958913,-5.5806765734080245e-06,-0.00906827148024026,-0.0008717582634487547,-0.0018573227198778334,4.042494379343913e-08,0.0,0.0,0.0,-1.57079,0.0,1.57079,-0.7853,0.0,0.0,0.0,0.0,0.0,0.0,0.0,0.0,0.0
12,5,2,0.188,-2.0199353531461976e-07,0.005271697628648159,-8.570122801555378e-07,-1.57571026245646,-0.000296406926867037,1.570066095017362,-0.7853000409610249,-8.233951478547275e-07,0.009586700720067695,-5.484735095380007e-06,-0.008871500422094484,-0.0008594945896470877,-0.001835738399365005,2.6882603009336e-08,0.0,0.0,0.0,-1.57079,0.0,1.57079,-0.7853,0.0,0.0,0.0,0.0,0.0,0.0,0.0,0.0,0.0
12,6,1,0.19,-2.0349303161771451e-07,0.005290448876528992,-8.677939422612398e-07,-1.5757276204600248,-0.00029810172578534225,1.5700624662400096,-0.7853000409334181,-7.497481515473775e-07,0.009375623940416649,-5.3908310528510315e-06,-0.008679001782366453,-0.0008473994591526238,-0.001814388676151912,1.3803394808239319e-08,0.0,0.0,0.0,-1.57079,0.0,1.57079,-0.7853,0.0,0.0,0.0,0.0,0.0,0.0,0.0,0.0,0.0
12,6,2,0.192,-2.0485039949934048e-07,0.005308787263498288,-8.783917698382443e-07,-1.5757446018253458,-0.00029977266714242026,1.5700588797012514,-0.7853000409310683,-6.786839408129873e-07,0.009169193484648026,-5.298913788502246e-06,-0.008490682660566615,-0.0008354706785389946,-0.0017932693791265434,1.174898804824486e-09,0.0,0.0,0.0,-1.57079,0.0,1.57079,-0.7853,0.0,0.0,0.0,0.0,0.0,0.0,0.0,0.0,0.0
12,7,1,0.194,-2.0607065895939824e-07,0.005326721877538198,-8.888096381683245e-07,-1.5757612147297178,-0.00030142007929649667,1.5700553349479585,-0.7853000409530984,-6.10129730028883e-07,0.008967307019955007,-5.20893416504009e-06,-0.008306452185921697,-0.0008237060770382054,-0.001772376646470333,-1.1015048762467365e-08,0.0,0.0,0.0,-1.57079,0.0,1.57079,-0.7853,0.0,0.0,0.0,0.0,0.0,0.0,0.0,0.0,0.0
12,7,2,0.196,-2.0715868803957017e-07,0.005344261606486915,-8.990513271751119e-07,-1.5757774671726623,-0.00030304428630996237,1.5700518315341736,-0.785300040998655,-5.440145400859672e-07,0.008769864474358386,-5.120844503393738e-06,-0.008126221472229724,-0.0008121035067328402,-0.0017517068924657155,-2.2778348966401197e-08,0.0,0.0,0.0,-1.57079,0.0,1.57079,-0.7853,0.0,0.0,0.0,0.0,0.0,0.0,0.0,0.0,0.0
12,8,1,0.198,-2.0811922637123332e-07,0.00536141514245926,-9.091205242235877e-07,-1.5757933669798099,-0.0003046456079953746,1.5700483690206182,-0.7853000410669083,-4.802691658315786e-07,0.008576767986172667,-5.034598524237881e-06,-0.007949903573787729,-0.0008006608427061231,-0.0017312567777699845,-3.4126635964243955e-08,0.0,0.0,0.0,-1.57079,0.0,1.57079,-0.7853,0.0,0.0,0.0,0.0,0.0,0.0,0.0,0.0,0.0
12,8,2,0.2,-2.089568786562519e-07,0.005378190986168547,-9.19020826809028e-07,-1.5758089218066946,-0.00030622435996168146,1.5700449469742526,-0.7853000411570509,-4.188261425092906e-07,0.008387921854643201,-4.950151292720146e-06,-0.007777413442341898,-0.0007893759831534142,-0.001711023182799023,-4.5071275178564464e-08,0.0,0.0,0.0,-1.57079,0.0,1.57079,-0.7853,0.0,0.0,0.0,0.0,0.0,0.0,0.0,0.0,0.0
13,1,1,0.202,-2.0967611807916966e-07,0.00539459745115198,-9.287557451413066e-07,-1.5758241391424648,-0.00030778085366059963,1.5700415649678847,-0.7853000412682976,-3.5961971145888656e-07,0.008203232491716523,-4.867459166139252e-06,-0.007608667885061681,-0.0007782468494590806,-0.0016910031839057337,-5.562336263795817e-08,0.0,0.0,0.0,-1.57079,0.0,1.57079,-0.7853,0.0,0.0,0.0,0.0,0.0,0.0,0.0,0.0,0.0
13,1,2,0.20400000000000001,-2.1028128964982705e-07,0.005410642667901833,-9.383287046302467e-07,-1.5758390263135118,-0.0003093153964330829,1.5700382225798206,-0.785300041399885,-3.025857853286956e-07,0.008022608374926892,-4.7864797444700745e-06,-0.007443585523485658,-0.0007672713862416437,-0.0016711940320643026,-6.579372566653802e-08,0.0,0.0,0.0,-1.57079,0.0,1.57079,-0.7853,0.0,0.0,0.0,0.0,0.0,0.0,0.0,0.0,0.0
13,2,1,0.20600000000000002,-2.107766134758064e-07,0.005426334587904563,-9.47743048277278e-07,-1.5758535904870186,-0.0003108282915558238,1.570034919393553,-0.7853000415510708,-2.4766191298967487e-07,0.007845960001365133,-4.707171823515586e-06,-0.007282086753431624,-0.000756447561370431,-0.0016515931338051467,-7.559292496945859e-08,0.0,0.0,0.0,-1.57079,0.0,1.57079,-0.7853,0.0,0.0,0.0,0.0,0.0,0.0,0.0,0.0,0.0
13,2,2,0.20800000000000002,-2.1116618796447035e-07,0.005441680987589981,-9.570020389784098e-07,-1.5758678386744303,-0.0003123198382877363,1.5700316549974846,-0.7853000417211333,-1.9478724433197865e-07,0.0076731998427088804,-4.629495350565938e-06,-0.007124093705831087,-0.0007457733659562562,-0.001632198034168947,-8.503125713426059e-08,0.0,0.0,0.0,-1.57079,0.0,1.57079,-0.7853,0.0,0.0,0.0,0.0,0.0,0.0,0.0,0.0,0.0
13,3,1,0.21,-2.1145399295463062e-07,0.0054566894721925505,-9.661088617431738e-07,-1.5758817777348473,-0.00031379033191637377,1.5700284289846818,-0.7853000419093709,-1.4390249508013406e-07,0.007504242301284705,-4.553411382382057e-06,-0.006969530208472621,-0.0007352468143187413,-0.0016130064014711612,-9.41187580092287e-08,0.0,0.0,0.0,-1.57079,0.0,1.57079,-0.7853,0.0,0.0,0.0,0.0,0.0,0.0,0.0,0.0,0.0
13,3,2,0.212,-2.1164389277813348e-07,0.005471367479526828,-9.750666258339236e-07,-1.5758954143783446,-0.00031524006380423875,1.5700252409526543,-0.7853000421151013,-9.494991175142447e-08,0.007339003667138931,-4.478882045374833e-06,-0.00681832174862381,-0.0007248659439324813,-0.0015940160136933344,-1.0286520700301348e-07,0.0,0.0,0.0,-1.57079,0.0,1.57079,-0.7853,0.0,0.0,0.0,0.0,0.0,0.0,0.0,0.0,0.0
13,4,1,0.214,-2.1173963925183923e-07,0.005485722283679006,-9.838783668295533e-07,-1.5759087551692177,-0.00031666932143494724,1.5700220905031617,-0.7853000423376616,-4.787323685287222e-08,0.0071774020760888456,-4.4058704978148724e-06,-0.006670395436518285,-0.0007146288153542486,-0.0015752247463315103,-1.1128013147424211e-07,0.0,0.0,0.0,-1.57079,0.0,1.57079,-0.7853,0.0,0.0,0.0,0.0,0.0,0.0,0.0,0.0,0.0
13,4,2,0.216,-2.1174487460065633e-07,0.005499760998616476,-9.925470486175127e-07,-1.5759218065291571,-0.00031807838845921316,1.5700189772420385,-0.7853000425764072,-2.617674408549712e-09,0.0070193574687351925,-4.334340893979713e-06,-0.006525679969671263,-0.0007045335121329579,-0.0015566305615527579,-1.1937281155232953e-07,0.0,0.0,0.0,-1.57079,0.0,1.57079,-0.7853,0.0,0.0,0.0,0.0,0.0,0.0,0.0,0.0,0.0
13,5,1,0.218,-2.1166313431241721e-07,0.0055134905817172935,-1.0010755653176905e-06,-1.5759345747403533,-0.0003194675447406216,1.5700159007790415,-0.7853000428307118,4.0870144119552236e-08,0.0068647915504087735,-4.2642583500889095e-06,-0.006384105598010362,-0.0006945781407042456,-0.0015382314985227536,-1.271522853902579e-07,0.0,0.0,0.0,-1.57079,0.0,1.57079,-0.7853,0.0,0.0,0.0,0.0,0.0,0.0,0.0,0.0,0.0
13,5,2,0.22,-2.1149784992549455e-07,0.005526917837221347,-1.0094667431415002e-06,-1.5759470659485328,-0.0003208370664011642,1.570012860727712,-0.7853000430999665,8.264219346132643e-08,0.006713627752026943,-4.195588911904805e-06,-0.006245604089804264,-0.0006847608302712974,-0.001520025664786933,-1.3462735418907617e-07,0.0,0.0,0.0,-1.57079,0.0,1.57079,-0.7853,0.0,0.0,0.0,0.0,0.0,0.0,0.0,0.0,0.0
13,6,1,0.222,-2.112523517501559e-07,0.00554004941960503,-1.01772334218933e-06,-1.5759592861659295,-0.0003221872258665107,1.5700098567052547,-0.7853000433835796,1.22749087669328e-07,0.00656579119184158,-4.12829952391495e-06,-0.0061101086983584695,-0.0006750797326732328,-0.0015020112285922878,-1.418065879535963e-07,0.0,0.0,0.0,-1.57079,0.0,1.57079,-0.7853,0.0,0.0,0.0,0.0,0.0,0.0,0.0,0.0,0.0
13,6,2,0.224,-2.109298715247209e-07,0.005552891836881136,-1.0258480581892746e-06,-1.5759712412741884,-0.00032351829191099566,1.5700068883324305,-0.7853000436809763,1.6124011271749876e-07,0.0064212086380530786,-4.062357999972266e-06,-0.005977554129467454,-0.0006655330222424892,-0.0014841864120540627,-1.4869833109497887e-07,0.0,0.0,0.0,-1.57079,0.0,1.57079,-0.7853,0.0,0.0,0.0,0.0,0.0,0.0,0.0,0.0,0.0
13,7,1,0.226,-2.105335450076479e-07,0.005565451453825678,-1.0338435241798946e-06,-1.5759829370272076,-0.0003248305297023004,1.5700039552334604,-0.7853000439915977,1.9816325853650652e-07,0.006279808472270906,-3.997732995310013e-06,-0.005847876509600324,-0.0006561188956523595,-0.0014665494850795346,-1.5531070758795628e-07,0.0,0.0,0.0,-1.57079,0.0,1.57079,-0.7853,0.0,0.0,0.0,0.0,0.0,0.0,0.0,0.0,0.0
13,7,2,0.228,-2.100664145067231e-07,0.0055777344951332825,-1.0417123121396043e-06,-1.5759943790539173,-0.0003261242008458118,1.5700010570359404,-0.785300044314901,2.3356525046240182e-07,0.006141520653801856,-3.934393979854804e-06,-0.005721013354795764,-0.0006468355717557142,-0.0014490987599690387,-1.6165162695984878e-07,0.0,0.0,0.0,-1.57079,0.0,1.57079,-0.7853,0.0,0.0,0.0,0.0,0.0,0.0,0.0,0.0,0.0
13,8,1,0.23,-2.0953143134653997e-07,0.005589747048502761,-1.0494569345650183e-06,-1.5760055728609978,-0.0003273995634286441,1.5699981933707672,-0.7853000446503585,2.67491580091564e-07,0.006006276684739095,-3.872311212706984e-06,-0.005596903540267987,-0.0006376812914161624,-0.001431832586625026,-1.6772878964051041e-07,0.0,0.0,0.0,-1.57079,0.0,1.57079,-0.7853,0.0,0.0,0.0,0.0,0.0,0.0,0.0,0.0,0.0
13,8,2,0.232,-2.0893145827550639e-07,0.005601495067654445,-1.0570798460005764e-06,-1.5760165238355393,-0.00032865687206330853,1.5699953638720705,-0.7853000449974579,2.9998653551678915e-07,0.00587400957584207,-3.811455717779026e-06,-0.005475487270681299,-0.0006286543173322288,-0.0014147493483035907,-1.7354969270397354e-07,0.0,0.0,0.0,-1.57079,0.0,1.57079,-0.7853,0.0,0.0,0.0,0.0,0.0,0.0,0.0,0.0,0.0
13,9,1,0.234,-2.082692718136136e-07,0.005612984375280807,-1.0645834445215201e-06,-1.5760272372476414,-0.0003298963779310198,1.5699925681771547,-0.7853000453557012,3.3109323094638483e-07,0.0057446538131811125,-3.7517992604718893e-06,-0.005356706051095251,-0.0006197529338556329,-0.001397847457853106,-1.7912163477685648e-07,0.0,0.0,0.0,-1.57079,0.0,1.57079,-0.7853,0.0,0.0,0.0,0.0,0.0,0.0,0.0,0.0,0.0
13,9,2,0.23600000000000002,-2.0754756454221595e-07,0.005624220665931872,-1.0719700731722203e-06,-1.5760377182529586,-0.00033111832882462837,1.5699898059264459,-0.7853000457246047,3.608536356988257e-07,0.0056181453255326474,-3.6933143253500394e-06,-0.005240502658553277,-0.0006109754468042844,-0.0013811253543874577,-1.8445172192572097e-07,0.0,0.0,0.0,-1.57079,0.0,1.57079,-0.7853,0.0,0.0,0.0,0.0,0.0,0.0,0.0,0.0,0.0
13,10,1,0.23800000000000002,-2.067689473370731e-07,0.005635209508836882,-1.079242021361708e-06,-1.5760479718951872,-0.0003323229691911699,1.5699870767634452,-0.7853000461036984,3.893086025714281e-07,0.005494421452504978,-3.6359740947439154e-06,-0.005126821114304556,-0.0006023201832707539,-0.001364581500348915,-1.895468725738993e-07,0.0,0.0,0.0,-1.57079,0.0,1.57079,-0.7853,0.0,0.0,0.0,0.0,0.0,0.0,0.0,0.0,0.0
13,10,2,0.24,-2.0593595154589315e-07,0.005645956350663634,-1.0864015262181247e-06,-1.5760580031085005,-0.0003335105401740237,1.5699843803346873,-0.785300046492526,4.164978955899692e-07,0.005373420913375917,-3.5797524282083085e-06,-0.005015606656648774,-0.0005937854914269098,-0.0013482143789197245,-1.9441382269220078e-07,0.0,0.0,0.0,-1.57079,0.0,1.57079,-0.7853,0.0,0.0,0.0,0.0,0.0,0.0,0.0,0.0,0.0
14,1,1,0.242,-2.0505103111162775e-07,0.005656466518216895,-1.0934507739037747e-06,-1.5760678167199293,-0.0003346812796546739,1.5699817162897038,-0.7853000468906444,4.4246021713269756e-07,0.005255083776630786,-3.5246238428249508e-06,-0.004906805714374405,-0.0005853697403250922,-0.0013320224917427285,-1.99059130848057e-07,0.0,0.0,0.0,-1.57079,0.0,1.57079,-0.7853,0.0,0.0,0.0,0.0,0.0,0.0,0.0,0.0,0.0
14,1,2,0.244,-2.041165646427464e-07,0.0056667452210772545,-1.1003919008923112e-06,-1.576077417451691,-0.00033583542229406694,1.56997908428099,-0.7853000472976227,4.6723323444067563e-07,0.005139351430179534,-3.470563494268273e-06,-0.0048003658807883095,-0.0005770713196965151,-0.0013160043569211337,-2.0348918291906095e-07,0.0,0.0,0.0,-1.57079,0.0,1.57079,-0.7853,0.0,0.0,0.0,0.0,0.0,0.0,0.0,0.0,0.0
14,2,1,0.246,-2.0313485743169752e-07,0.005676797554181727,-1.1072269952094716e-06,-1.5760868099234675,-0.00033697319957356174,1.5699764839639754,-0.7853000477130431,4.908536055244358e-07,0.005026166552236377,-3.4175471585801812e-06,-0.004696235888326066,-0.0005688886397474038,-0.0013001585072668265,-2.0771019716805393e-07,0.0,0.0,0.0,-1.57079,0.0,1.57079,-0.7853,0.0,0.0,0.0,0.0,0.0,0.0,0.0,0.0,0.0
14,2,2,0.248,-2.0210814342277642e-07,0.005686628500347434,-1.1139580976388043e-06,-1.576095998654635,-0.0003380948398354678,1.5699739149969978,-0.7853000481364996,5.133570044605571e-07,0.0049154730828533545,-3.3655512146663204e-06,-0.004594365583710583,-0.0005608201309530341,-0.0012844834887675892,-2.1172822839808318e-07,0.0,0.0,0.0,-1.57079,0.0,1.57079,-0.7853,0.0,0.0,0.0,0.0,0.0,0.0,0.0,0.0,0.0
14,3,1,0.25,-2.0103858713056742e-07,0.005696242932739601,-1.1205872028936156e-06,-1.5761049880664424,-0.00033920056832316864,1.5699713770412793,-0.7853000485675979,5.347781461044992e-07,0.00480721619608348,-3.3145526274056705e-06,-0.0044947059036701525,-0.0005528642438504045,-0.0012689778592541113,-2.1554917289612913e-07,0.0,0.0,0.0,-1.57079,0.0,1.57079,-0.7853,0.0,0.0,0.0,0.0,0.0,0.0,0.0,0.0,0.0
14,3,2,0.252,-1.999282855101373e-07,0.005705645617285132,-1.127116260756397e-06,-1.5761137824841447,-0.0003402906072208279,1.5699688697609049,-0.7853000490059555,5.551508102150514e-07,0.00470134227276577,-3.2645289313906066e-06,-0.004397208851185726,-0.0005450194488296385,-0.0012536401872412387,-2.1917877235649396e-07,0.0,0.0,0.0,-1.57079,0.0,1.57079,-0.7853,0.0,0.0,0.0,0.0,0.0,0.0,0.0,0.0,0.0
14,4,1,0.254,-1.9877926978012005e-07,0.005714841215032961,-1.1335471771868707e-06,-1.5761223861390892,-0.00034136517569267704,1.569966392822803,-0.7853000494512008,5.745078650086261e-07,0.004597798873914473,-3.2154582152368894e-06,-0.004301827472263485,-0.0005372842359245583,-0.0012384690509261648,-2.2262261851654926e-07,0.0,0.0,0.0,-1.57079,0.0,1.57079,-0.7853,0.0,0.0,0.0,0.0,0.0,0.0,0.0,0.0,0.0
14,4,2,0.256,-1.9759350719982714e-07,0.005723834284462364,-1.139881815399783e-06,-1.5761308031707555,-0.0003424244899218823,1.5699639458967283,-0.7853000499029731,5.928812901464551e-07,0.004496534714701311,-3.1673191064561664e-06,-0.00420851583321347,-0.0005296571146026199,-0.001223463037324797,-2.2588615698584857e-07,0.0,0.0,0.0,-1.57079,0.0,1.57079,-0.7853,0.0,0.0,0.0,0.0,0.0,0.0,0.0,0.0,0.0
14,5,1,0.258,-1.9637290280147853e-07,0.00573262928374039,-1.146121996913442e-06,-1.5761390376287523,-0.0003434687631489915,1.5699615286552453,-0.7853000503609224,6.103021991743027e-07,0.004397499639012845,-3.1200907568294845e-06,-0.004117228998433993,-0.0005221366135546308,-0.0012086207415339932,-2.2897469140135387e-07,0.0,0.0,0.0,-1.57079,0.0,1.57079,-0.7853,0.0,0.0,0.0,0.0,0.0,0.0,0.0,0.0,0.0
14,5,2,0.26,-1.951193010786415e-07,0.005741230572929538,-1.1522695025700094e-06,-1.5761470934747697,-0.0003444982057099602,1.569959140773713,-0.7853000508247092,6.268008614185127e-07,0.004300644594573765,-3.073752828283749e-06,-0.004027923008680696,-0.0005147212804843376,-0.0011939407661014712,-2.3189338710658467e-07,0.0,0.0,0.0,-1.57079,0.0,1.57079,-0.7853,0.0,0.0,0.0,0.0,0.0,0.0,0.0,0.0,0.0
14,6,1,0.262,-1.938344876319425e-07,0.005749642416146785,-1.1583260735285062e-06,-1.5761549745844894,-0.00034551302507375637,1.569956781930272,-0.7853000512940038,6.424067233494993e-07,0.004205921608623242,-3.0282854792483537e-06,-0.0039405548598078575,-0.0005074096818980962,-0.0011794217204934366,-2.3464727498086448e-07,0.0,0.0,0.0,-1.57079,0.0,1.57079,-0.7853,0.0,0.0,0.0,0.0,0.0,0.0,0.0,0.0,0.0
14,6,2,0.264,-1.9252019077307898e-07,0.005757868983675038,-1.1642934122313705e-06,-1.5761626847494534,-0.00034651342587954637,1.5699544518058306,-0.7853000517684864,6.571484294317557e-07,0.004113283764126759,-2.9836693514321285e-06,-0.0038550824819855414,-0.000500200402895007,-0.0011650622206501081,-2.372412549081117e-07,0.0,0.0,0.0,-1.57079,0.0,1.57079,-0.7853,0.0,0.0,0.0,0.0,0.0,0.0,0.0,0.0,0.0
14,7,1,0.266,-1.9117808308815694e-07,0.0057659143540280755,-1.1701731833454713e-06,-1.5761702276788923,-0.0003474996099734612,1.5699521500840534,-0.7853000522478466,6.710538424610261e-07,0.0040226851765184455,-2.9398855570503904e-06,-0.0037714647193626805,-0.0004930920469574174,-0.0011508608886153478,-2.3968009951087096e-07,0.0,0.0,0.0,-1.57079,0.0,1.57079,-0.7853,0.0,0.0,0.0,0.0,0.0,0.0,0.0,0.0,0.0
14,7,2,0.268,-1.8980978296133907e-07,0.005773782515969986,-1.1759670146783462e-06,-1.5761776070015125,-0.0003484717764449456,1.5699498764513489,-0.7853000527317835,6.841500634089401e-07,0.003934080970955446,-2.896915666437371e-06,-0.003689661310183086,-0.00048608323574219253,-0.0011368163522357335,-2.4196845752927897e-07,0.0,0.0,0.0,-1.57079,0.0,1.57079,-0.7853,0.0,0.0,0.0,0.0,0.0,0.0,0.0,0.0,0.0
14,8,1,0.27,-1.8841685605978443e-07,0.005781477370490144,-1.1816764980704805e-06,-1.576184826267247,-0.00034943012166269096,1.569947630596859,-0.7853000532200052,6.964634507773168e-07,0.0038474272600786275,-2.854741696067121e-06,-0.003609632867328645,-0.0004791726088726686,-0.0011229272449163304,-2.441108569885469e-07,0.0,0.0,0.0,-1.57079,0.0,1.57079,-0.7853,0.0,0.0,0.0,0.0,0.0,0.0,0.0,0.0,0.0
14,8,2,0.272,-1.8699771794731932e-07,0.005789000970086523,-1.1872898787644781e-06,-1.5761918941860966,-0.0003503749066622393,1.5699454112820426,-0.7853000537086378,7.095690562325606e-07,0.0037617997981895675,-2.8066903469988124e-06,-0.0035339594247144166,-0.0004723924997741637,-0.0011096574082110923,-2.443163122544499e-07,0.0,0.0,0.0,-1.57079,0.0,1.57079,-0.7853,0.0,0.0,0.0,0.0,0.0,0.0,0.0,0.0,0.0
14,9,1,0.274,-1.855485593571525e-07,0.005796354428866627,-1.1927872925088926e-06,-1.5761988232188897,-0.00035130642939051887,1.5699432167264422,-0.785300054191785,7.245792950834048e-07,0.0036767293900519843,-2.748706872207218e-06,-0.0034645163965231966,-0.00046576136413978465,-0.0010972778001245912,-2.4157359722487913e-07,0.0,0.0,0.0,-1.57079,0.0,1.57079,-0.7853,0.0,0.0,0.0,0.0,0.0,0.0,0.0,0.0,0.0
14,9,2,0.276,-1.840666754577065e-07,0.005803539936345282,-1.1981553758845989e-06,-1.5762056242510512,-0.0003522249505126946,1.5699410456323122,-0.7853000546655053,7.409419497230064e-07,0.0035927537393270746,-2.684041687853145e-06,-0.0034005160807179372,-0.00045926056108784737,-0.0010855470650515955,-2.3686021907755052e-07,0.0,0.0,0.0,-1.57079,0.0,1.57079,-0.7853,0.0,0.0,0.0,0.0,0.0,0.0,0.0,0.0,0.0
14,10,1,0.278,-1.8255047222344414e-07,0.0058105604232828335,-1.2033860640853983e-06,-1.5762123067852647,-0.00035313070078357077,1.5699388970798698,-0.785300055127347,7.581016171311815e-07,0.0035102434687759583,-2.6153441003997196e-06,-0.0033412671067397834,-0.00045287513543807817,-0.0010742762211699444,-2.3092083927177076e-07,0.0,0.0,0.0,-1.57079,0.0,1.57079,-0.7853,0.0,0.0,0.0,0.0,0.0,0.0,0.0,0.0,0.0
14,10,2,0.28,-1.809993867780752e-07,0.0058174193109541555,-1.2084755366717616e-06,-1.5762188791144607,-0.0003540238871138013,1.569936770442415,-0.7853000555759814,7.755427226844688e-07,0.003429443835660886,-2.5447362931816333e-06,-0.003286164597941488,-0.0004465931651152602,-0.001063318727366432,-2.2431720213526034e-07,0.0,0.0,0.0,-1.57079,0.0,1.57079,-0.7853,0.0,0.0,0.0,0.0,0.0,0.0,0.0,0.0,0.0
14,11,1,0.28200000000000003,-1.7941376076502668e-07,0.005824120324674793,-1.2134233085919625e-06,-1.576225348476097,-0.0003549046975393929,1.5699346653177764,-0.7853000560109169,7.928130065242482e-07,0.0033505068603187065,-2.4738859601003955e-06,-0.00323468081820293,-0.0004404052127958269,-0.0010525623192980853,-2.1746774920492177e-07,0.0,0.0,0.0,-1.57079,0.0,1.57079,-0.7853,0.0,0.0,0.0,0.0,0.0,0.0,0.0,0.0,0.0
14,11,2,0.28400000000000003,-1.7779469307276313e-07,0.005830667356614943,-1.2182314580245792e-06,-1.5762317211889783,-0.000355773305272674,1.5699325814731575,-0.785300056432275,8.095338461317759e-07,0.003273515970074945,-2.4040747163084e-06,-0.003186356440605451,-0.00043430386664052543,-0.0010419223094342547,-2.1067901674433103e-07,0.0,0.0,0.0,-1.57079,0.0,1.57079,-0.7853,0.0,0.0,0.0,0.0,0.0,0.0,0.0,0.0,0.0
14,12,1,0.28600000000000003,-1.761438890902856e-07,0.00583706436624219,-1.2229039793413728e-06,-1.576238002774001,-0.00035662987198649697,1.5699305188009622,-0.785300056840616,8.254019912387604e-07,0.0031985048136234455,-2.33626065839684e-06,-0.003140792511359999,-0.00042828335691148773,-0.0010313360976352169,-2.041704948266984e-07,0.0,0.0,0.0,-1.57079,0.0,1.57079,-0.7853,0.0,0.0,0.0,0.0,0.0,0.0,0.0,0.0,0.0
14,12,2,0.28800000000000003,-1.744635171697852e-07,0.005843315309336178,-1.2274462479524782e-06,-1.5762441980602735,-0.0003574745504605491,1.5699284772835984,-0.7853000572368045,8.401859602501938e-07,0.0031254715469943573,-2.271134305552685e-06,-0.003097643136268868,-0.00042233923702607307,-0.0010207586818582366,-1.9809428206402576e-07,0.0,0.0,0.0,-1.57079,0.0,1.57079,-0.7853,0.0,0.0,0.0,0.0,0.0,0.0,0.0,0.0,0.0
15,1,1,0.29,-1.7275607843200873e-07,0.005849424088560606,-1.2318645834155385e-06,-1.576250311278044,-0.0003583074866988709,1.5699264569656095,-0.7853000576219057,8.537193688882353e-07,0.0030543896122138445,-2.2091677315301006e-06,-0.0030566088851923766,-0.0004164681191609127,-0.0010101589943999837,-1.9255060418938276e-07,0.0,0.0,0.0,-1.57079,0.0,1.57079,-0.7853,0.0,0.0,0.0,0.0,0.0,0.0,0.0,0.0,0.0
15,1,2,0.292,-1.710242929403271e-07,0.005855394520177644,-1.236165897560788e-06,-1.5762563461398214,-0.0003591288216106696,1.5699244579317717,-0.7853000579971058,8.658927458408101e-07,0.0029852158085189153,-2.1506570726248174e-06,-0.003017430888703839,-0.0004106674558993312,-0.0009995169188728888,-1.8760004415861702e-07,0.0,0.0,0.0,-1.57079,0.0,1.57079,-0.7853,0.0,0.0,0.0,0.0,0.0,0.0,0.0,0.0,0.0
15,2,1,0.294,-1.6927100319791292e-07,0.00586123031274047,-1.2403574152148205e-06,-1.5762623059109966,-0.00035993869233192494,1.569922480290036,-0.7853000583636521,8.766448712070902e-07,0.0029178962814131308,-2.0957588270161925e-06,-0.002979885587593395,-0.0004049353606276734,-0.0009888208678882052,-1.8327316218095743e-07,0.0,0.0,0.0,-1.57079,0.0,1.57079,-0.7853,0.0,0.0,0.0,0.0,0.0,0.0,0.0,0.0,0.0
15,2,2,0.296,-1.674990945950197e-07,0.005866935054575031,-1.2444464561925813e-06,-1.5762681934711726,-0.00036073723325281634,1.569920524158392,-0.7853000587228082,8.859543014466208e-07,0.002852370917280553,-2.0445204888804364e-06,-0.0029437800880184033,-0.0003992704604456972,-0.0009780658220173498,-1.795780440333833e-07,0.0,0.0,0.0,-1.57079,0.0,1.57079,-0.7853,0.0,0.0,0.0,0.0,0.0,0.0,0.0,0.0,0.0
15,3,1,0.298,-1.6571143163217666e-07,0.005872512207621092,-1.2484402684290471e-06,-1.5762740113673153,-0.0003615245768053726,1.5699185896548966,-0.7853000590758206,8.938314814215202e-07,0.002788576523030244,-1.9969061182328776e-06,-0.0029089480713024836,-0.00039367177627812897,-0.0009672517477151536,-1.7650620728314545e-07,0.0,0.0,0.0,-1.57079,0.0,1.57079,-0.7853,0.0,0.0,0.0,0.0,0.0,0.0,0.0,0.0,0.0
15,3,2,0.3,-1.6391080830968756e-07,0.005877965105791509,-1.2523459033444835e-06,-1.5762797618597282,-0.0003623008540567191,1.5699166768902444,-0.785300059423895,9.003116612445526e-07,0.002726449085208387,-1.952817457718139e-06,-0.002875246206448001,-0.0003881386256732453,-0.0009563823261088143,-1.740372065726417e-07,0.0,0.0,0.0,-1.57079,0.0,1.57079,-0.7853,0.0,0.0,0.0,0.0,0.0,0.0,0.0,0.0,0.0
15,4,1,0.302,-1.620999108868963e-07,0.005883296956464172,-1.256170125719033e-06,-1.576285446961757,-0.00036306619514564665,1.5699147859623717,-0.7853000597681794,9.054487113956284e-07,0.0026659253363316075,-1.9121111872748236e-06,-0.0028425510144453026,-0.0003826705444637846,-0.0009454639363610701,-1.7214220976337195e-07,0.0,0.0,0.0,-1.57079,0.0,1.57079,-0.7853,0.0,0.0,0.0,0.0,0.0,0.0,0.0,0.0,0.0
15,4,2,0.304,-1.602812911914391e-07,0.005888510844072175,-1.2599193514564868e-06,-1.5762910684740286,-0.0003638207295937637,1.5699129169526775,-0.785300060109753,9.09309847728588e-07,0.0026069438040009518,-1.8746128687269407e-06,-0.0028107561357671226,-0.0003772672240585179,-0.0009345048471139792,-1.7078676196466966e-07,0.0,0.0,0.0,-1.57079,0.0,1.57079,-0.7853,0.0,0.0,0.0,0.0,0.0,0.0,0.0,0.0,0.0
15,5,1,0.306,-1.5845734873850848e-07,0.005893609735027358,-1.2635996076231482e-06,-1.5762966280139397,-0.0003645645865170462,1.5699110699235221,-0.7853000604496188,9.119712264653138e-07,0.002549445477591773,-1.8401280833306864e-06,-0.002779769955532469,-0.000371928461641231,-0.0009235145776495096,-1.699329066897101e-07,0.0,0.0,0.0,-1.57079,0.0,1.57079,-0.7853,0.0,0.0,0.0,0.0,0.0,0.0,0.0,0.0,0.0
15,5,2,0.308,-1.5663032006024656e-07,0.005898596483418455,-1.2672165100469208e-06,-1.5763021270410285,-0.0003652978947590232,1.5699092449167278,-0.7853000607887004,9.135143391309574e-07,0.002493374195548975,-1.8084512118863781e-06,-0.002749513544358051,-0.00036665412098852015,-0.0009125033971426163,-1.6954080306907572e-07,0.0,0.0,0.0,-1.57079,0.0,1.57079,-0.7853,0.0,0.0,0.0,0.0,0.0,0.0,0.0,0.0,0.0
15,6,1,0.31,-1.5480227381625584e-07,0.005903473837081715,-1.2707752545532307e-06,-1.5763075668787818,-0.0003660207829629996,1.5699074419528558,-0.7853000611278403,9.140231219953525e-07,0.002438676831629952,-1.779372253154911e-06,-0.002719918876626049,-0.000361444101988205,-0.0009014819359674767,-1.695699450263712e-07,0.0,0.0,0.0,-1.57079,0.0,1.57079,-0.7853,0.0,0.0,0.0,0.0,0.0,0.0,0.0,0.0,0.0
15,6,2,0.312,-1.5297511043788954e-07,0.005908244443760325,-1.2742806186020903e-06,-1.5763129487333651,-0.0003667333795975098,1.5699056610310804,-0.7853000614678005,9.135816891831447e-07,0.0023853033393051366,-1.7526820244298684e-06,-0.002690927291613691,-0.0003562983172550797,-0.0008904608876422882,-1.6998006982631932e-07,0.0,0.0,0.0,-1.57079,0.0,1.57079,-0.7853,0.0,0.0,0.0,0.0,0.0,0.0,0.0,0.0,0.0
15,7,1,0.314,-1.511505652385008e-07,0.005912910857157817,-1.2777369706816145e-06,-1.5763182737096981,-0.00036743581294652525,1.5699039021295127,-0.7853000618092641,9.122725996943677e-07,0.002333206698745838,-1.7281760397620843e-06,-0.002662488166532911,-0.0003512166745077342,-0.000879450783829563,-1.7073182248569164e-07,0.0,0.0,0.0,-1.57079,0.0,1.57079,-0.7853,0.0,0.0,0.0,0.0,0.0,0.0,0.0,0.0,0.0
15,7,2,0.316,-1.49330214091132e-07,0.0059174755427567295,-1.2811482853162404e-06,-1.576323542825246,-0.00036812821107371705,1.5699021652058567,-0.7853000621528387,9.101755736844035e-07,0.0022823427994560523,-1.7056573173129656e-06,-0.0026345577739319854,-0.00034619906359590187,-0.0008684618279714055,-1.7178723129542777e-07,0.0,0.0,0.0,-1.57079,0.0,1.57079,-0.7853,0.0,0.0,0.0,0.0,0.0,0.0,0.0,0.0,0.0
15,8,1,0.318,-1.4751548092967345e-07,0.005921940883322501,-1.2845181619721663e-06,-1.5763287570218443,-0.0003688107017682336,1.5699004501983052,-0.7853000624990587,9.073665807292742e-07,0.0022326702828856307,-1.6849383279628985e-06,-0.002607098299082843,-0.00034124534725827775,-0.0008575037757573745,-1.7311003499015318e-07,0.0,0.0,0.0,-1.57079,0.0,1.57079,-0.7853,0.0,0.0,0.0,0.0,0.0,0.0,0.0,0.0,0.0
15,8,2,0.32,-1.457076464671238e-07,0.005926309184047924,-1.2878498464974154e-06,-1.5763339171758362,-0.0003694834124779357,1.5698987570265996,-0.7853000628483905,9.039172312748214e-07,0.002184150362711496,-1.6658422626245896e-06,-0.0025800769958862157,-0.00033635535485104475,-0.0008465858527848473,-1.7466589773935363e-07,0.0,0.0,0.0,-1.57079,0.0,1.57079,-0.7853,0.0,0.0,0.0,0.0,0.0,0.0,0.0,0.0,0.0
15,9,1,0.322,-1.4390785764472035e-07,0.005930582677318782,-1.2911462540285339e-06,-1.5763390241067612,-0.00037014647023477935,1.5698970855931966,-0.7853000632012356,8.998944112017307e-07,0.0021367466354290524,-1.6482037655592202e-06,-0.002553465462465258,-0.00033152887842183575,-0.0008357167015498274,-1.7642253595173326e-07,0.0,0.0,0.0,-1.57079,0.0,1.57079,-0.7853,0.0,0.0,0.0,0.0,0.0,0.0,0.0,0.0,0.0
15,9,2,0.324,-1.42117137428824e-07,0.005934763527098969,-1.2944099925385553e-06,-1.576344078584801,-0.0003708000015760124,1.5698954357844939,-0.7853000635579351,8.953601079481673e-07,0.00209042489009328,-1.6318692550106548e-06,-0.0025272390199917497,-0.0003267656706165108,-0.0008249043513790996,-1.783497788411864e-07,0.0,0.0,0.0,-1.57079,0.0,1.57079,-0.7853,0.0,0.0,0.0,0.0,0.0,0.0,0.0,0.0,0.0
15,10,1,0.326,-1.403363946596571e-07,0.005938853832945376,-1.2976433863991498e-06,-1.576349081337162,-0.00037144413246401287,1.5698938074720816,-0.7853000639187743,8.903713845834561e-07,0.002045152923203739,-1.6166969302972808e-06,-0.0025013761804127746,-0.000322065444000246,-0.0008141562061208909,-1.804195799974991e-07,0.0,0.0,0.0,-1.57079,0.0,1.57079,-0.7853,0.0,0.0,0.0,0.0,0.0,0.0,0.0,0.0,0.0
15,10,2,0.328,-1.385664337287736e-07,0.005942855633670617,-1.3008484994906624e-06,-1.576354033053543,-0.00037207898820691834,1.5698922005139908,-0.7853000642839862,8.84980465441745e-07,0.0020009003626208235,-1.6025565457563044e-06,-0.0024758581906248207,-0.00031742787145273854,-0.0008034790454050478,-1.826059907082204e-07,0.0,0.0,0.0,-1.57079,0.0,1.57079,-0.7853,0.0,0.0,0.0,0.0,0.0,0.0,0.0,0.0,0.0
15,11,1,0.33,-1.36807963922065e-07,0.0059467709106763265,-1.304027157522981e-06,-1.5763589343908277,-0.00037270469338164335,1.5698906147559186,-0.7853000646537565,8.792349033543107e-07,0.0019576385028545694,-1.5893290161593044e-06,-0.0024506686423077166,-0.0003128525873625077,-0.0007928790361010143,-1.8488510717391891e-07,0.0,0.0,0.0,-1.57079,0.0,1.57079,-0.7853,0.0,0.0,0.0,0.0,0.0,0.0,0.0,0.0,0.0
15,11,2,0.332,-1.350616083138332e-07,0.005950601590982233,-1.3071809693331767e-06,-1.576363785977104,-0.0003733213717604416,1.569889050032416,-0.7853000650282265,8.731778041158983e-07,0.0019153401529532277,-1.5769059050978065e-06,-0.002425793138087203,-0.0003083391893991215,-0.0007823617512683926,-1.8723499790630224e-07,0.0,0.0,0.0,-1.57079,0.0,1.57079,-0.7853,0.0,0.0,0.0,0.0,0.0,0.0,0.0,0.0,0.0
15,12,1,0.334,-1.3332791213653302e-07,0.005954349549977085,-1.310311347007056e-06,-1.576368588415116,-0.00037392914624181516,1.5698875061680273,-0.7853000654074977,8.66848088650094e-07,0.0018739794974261613,-1.5651888369396243e-06,-0.002401219005977206,-0.0003038872406867785,-0.0007719321944426021,-1.8963561838099416e-07,0.0,0.0,0.0,-1.57079,0.0,1.57079,-0.7853,0.0,0.0,0.0,0.0,0.0,0.0,0.0,0.0,0.0
15,12,2,0.336,-1.3160735058167488e-07,0.005958016613917262,-1.313419524735081e-06,-1.5763733422852262,-0.0003745281387862938,1.5698859829783722,-0.7853000657916351,8.602807774290605e-07,0.00183353197008816,-1.5540888640124348e-06,-0.002376935055167782,-0.0002994962722393259,-0.000761594827547502,-1.9206871706067128e-07,0.0,0.0,0.0,-1.57079,0.0,1.57079,-0.7853,0.0,0.0,0.0,0.0,0.0,0.0,0.0,0.0,0.0
15,13,1,0.338,-1.299003360113957e-07,0.005961604562197958,-1.3165065763618029e-06,-1.5763780481479606,-0.00037511847035738745,1.56988448027117,-0.7853000661806706,8.535072851395815e-07,0.0017939741403482402,-1.5435258133609627e-06,-0.002352931367191841,-0.0002951657855468169,-0.0007513536010838297,-1.9451773691788523e-07,0.0,0.0,0.0,-1.57079,0.0,1.57079,-0.7853,0.0,0.0,0.0,0.0,0.0,0.0,0.0,0.0,0.0
15,13,2,0.34,-1.282072245785242e-07,0.005965115129420422,-1.3195734316247718e-06,-1.5763827065461953,-0.00037570026086784417,1.5698829978471989,-0.785300066574606,8.465557164357547e-07,0.0017552836112320685,-1.5334276314844984e-06,-0.0023291991173503826,-0.00029089525522836687,-0.0007412119855466601,-1.969677141241091e-07,0.0,0.0,0.0,-1.57079,0.0,1.57079,-0.7853,0.0,0.0,0.0,0.0,0.0,0.0,0.0,0.0,0.0
15,14,1,0.342,-1.2652832226660352e-07,0.005968550007277013,-1.3226208911061437e-06,-1.5763873180070394,-0.0003762736291312162,1.5698815355011924,-0.7853000669734164,8.394511559603349e-07,0.0017174389282953602,-1.5237297406859982e-06,-0.0023057304220004734,-0.0002866841316860075,-0.0007311730032579239,-1.9940517731452576e-07,0.0,0.0,0.0,-1.57079,0.0,1.57079,-0.7853,0.0,0.0,0.0,0.0,0.0,0.0,0.0,0.0,0.0
15,14,2,0.34400000000000003,-1.2486389037118294e-07,0.005971910846274055,-1.325649639939841e-06,-1.5763918830434551,-0.0003768386928186371,1.5698800930226724,-0.7853000673770525,8.322159477102881e-07,0.0016804194985208288,-1.5143744168485873e-06,-0.0022825182079407452,-0.00028253184371045267,-0.000721239259996882,-2.0181804823761347e-07,0.0,0.0,0.0,-1.57079,0.0,1.57079,-0.7853,0.0,0.0,0.0,0.0,0.0,0.0,0.0,0.0,0.0
15,15,1,0.34600000000000003,-1.232141504504907e-07,0.005975199257310611,-1.3286602603307042e-06,-1.5763964021556565,-0.0003773955684206426,1.5698786701967204,-0.7853000677854436,8.248699603461106e-07,0.0016442055182778255,-1.5053101954316262e-06,-0.002259556100670492,-0.0002784378010027266,-0.000711412975965157,-2.0419554474789025e-07,0.0,0.0,0.0,-1.57079,0.0,1.57079,-0.7853,0.0,0.0,0.0,0.0,0.0,0.0,0.0,0.0,0.0
15,15,2,0.34800000000000003,-1.2157928877798933e-07,0.005978416813129496,-1.3316532429509185e-06,-1.576400875832314,-0.0003779443712138147,1.569877266804689,-0.7853000681984997,8.174308362506928e-07,0.0016087779094426462,-1.4964913101070665e-06,-0.002236838328764718,-0.0002744013965860557,-0.0007016960157496236,-2.065280874700376e-07,0.0,0.0,0.0,-1.57079,0.0,1.57079,-0.7853,0.0,0.0,0.0,0.0,0.0,0.0,0.0,0.0,0.0
15,16,1,0.35000000000000003,-1.1995946033181764e-07,0.005981565049655134,-1.3346289972841488e-06,-1.576405304551598,-0.0003784852152319962,1.569875882624855,-0.7853000686161141,8.099142230858474e-07,0.0015741182628186666,-1.4878771666151744e-06,-0.0022143596420101325,-0.0002704220090907495,-0.0006920899170449486,-2.0880721019636656e-07,0.0,0.0,0.0,-1.57079,0.0,1.57079,-0.7853,0.0,0.0,0.0,0.0,0.0,0.0,0.0,0.0,0.0
15,16,2,0.352,-1.1835479235718083e-07,0.005984645467231237,-1.3375878609901859e-06,-1.5764096887820807,-0.0003790182132417988,1.5698745174330189,-0.7853000690381651,8.023339873184034e-07,0.0015402087880514103,-1.4794318530185217e-06,-0.0021921152412879494,-0.00026649900490129845,-0.0006825959179745965,-2.1102547452287502e-07,0.0,0.0,0.0,-1.57079,0.0,1.57079,-0.7853,0.0,0.0,0.0,0.0,0.0,0.0,0.0,0.0,0.0
16,1,1,0.354,-1.167653875377121e-07,0.005987659531769828,-1.3405301083631335e-06,-1.5764140289835176,-0.0003795434767221189,1.5698731710030531,-0.7853000694645178,7.947024097343692e-07,0.0015070322692957957,-1.4711236864737942e-06,-0.002170100718484835,-0.0002626317401600532,-0.000673214982914056,-2.1317638916501712e-07,0.0,0.0,0.0,-1.57079,0.0,1.57079,-0.7853,0.0,0.0,0.0,0.0,0.0,0.0,0.0,0.0,0.0
16,1,2,0.356,-1.1519132681098879e-07,0.005990608675821743,-1.3434559579548475e-06,-1.5764183256075275,-0.0003800611158473705,1.5698718431073997,-0.7853000698950264,7.870303633616526e-07,0.0014745720259573922,-1.462924795857023e-06,-0.0021483120049676668,-0.00025881956262580226,-0.0006639478267661535,-2.1525433358712355e-07,0.0,0.0,0.0,-1.57079,0.0,1.57079,-0.7853,0.0,0.0,0.0,0.0,0.0,0.0,0.0,0.0,0.0
16,2,1,0.358,-1.1363267186197526e-07,0.005993494299577537,-1.3463655794329104e-06,-1.5764225790981823,-0.0003805712394741475,1.5698705335175243,-0.7853000703295354,7.793274745067626e-07,0.0014428118778970246,-1.4548107390314469e-06,-0.002126745327368396,-0.0002550618133884929,-0.0006547949376738001,-2.1725448651375813e-07,0.0,0.0,0.0,-1.57079,0.0,1.57079,-0.7853,0.0,0.0,0.0,0.0,0.0,0.0,0.0,0.0,0.0
16,2,2,0.36,-1.1208946732636474e-07,0.0059963177718066335,-1.3492590997392134e-06,-1.5764267898925215,-0.0003810739551310348,1.5698692420043279,-0.7853000707678809,7.716022678052628e-07,0.0014117361145486403,-1.4467601531515404e-06,-0.002105397169616057,-0.0002513578284436541,-0.0006457565981887371,-2.1917275852074542e-07,0.0,0.0,0.0,-1.57079,0.0,1.57079,-0.7853,0.0,0.0,0.0,0.0,0.0,0.0,0.0,0.0,0.0
16,3,1,0.362,-1.1056174273375018e-07,0.005999080430741559,-1.352136608611535e-06,-1.5764309584210021,-0.00038156936901129803,1.569867968338518,-0.7853000712098923,7.638622963072776e-07,0.001381329467462693,-1.4387544361608172e-06,-0.00208426424030441,-0.0002477069401316017,-0.000636832904930182,-2.210057291962865e-07,0.0,0.0,0.0,-1.57079,0.0,1.57079,-0.7853,0.0,0.0,0.0,0.0,0.0,0.0,0.0,0.0,0.0
16,3,2,0.364,-1.090495142183815e-07,0.006001783584913243,-1.354998163526529e-06,-1.5764350851078914,-0.00038205758596819334,1.5698667122909444,-0.7853000716553935,7.561142576843346e-07,0.0013515770858421117,-1.4307774574969322e-06,-0.0020633434446198783,-0.00024410847844766057,-0.0006280237867864145,-2.2275058869241163e-07,0.0,0.0,0.0,-1.57079,0.0,1.57079,-0.7853,0.0,0.0,0.0,0.0,0.0,0.0,0.0,0.0,0.0
16,4,1,0.366,-1.0755278602304605e-07,0.006004428513942619,-1.3578437941184302e-06,-1.5764391703716119,-0.0003825387095126541,1.569865473632901,-0.7853000721042037,7.4836409766773e-07,0.0013224645146884197,-1.422815295950625e-06,-0.002042631860170727,-0.0002405617722303783,-0.0006193290217200031,-2.2440508280180182e-07,0.0,0.0,0.0,-1.57079,0.0,1.57079,-0.7853,0.0,0.0,0.0,0.0,0.0,0.0,0.0,0.0,0.0
16,4,2,0.368,-1.0607155181940348e-07,0.006007016469293065,-1.3606735061236846e-06,-1.5764432146250442,-0.0003830128418131244,1.5698642521363966,-0.7853000725561387,7.406171018212839e-07,0.0012939776752227713,-1.4148560026271536e-06,-0.0020221267161535236,-0.00023706615023511794,-0.000610748252247901,-2.2596746249343037e-07,0.0,0.0,0.0,-1.57079,0.0,1.57079,-0.7853,0.0,0.0,0.0,0.0,0.0,0.0,0.0,0.0,0.0
16,5,1,0.37,-1.0460579586596875e-07,0.006009548674987642,-1.3634872848976902e-06,-1.576447218275795,-0.00038348008369732555,1.5698630475743973,-0.7853000730110116,7.328779767173682e-07,0.0012661028472885835,-1.4068893870027583e-06,-0.002001825375375792,-0.00023362094210058478,-0.000602280999667652,-2.2743643708101407e-07,0.0,0.0,0.0,-1.57079,0.0,1.57079,-0.7853,0.0,0.0,0.0,0.0,0.0,0.0,0.0,0.0,0.0
16,5,2,0.372,-1.0315549402289132e-07,0.0060120263282946,-1.3662850985459628e-06,-1.5764511817264324,-0.00038394053465575737,1.5698618597210432,-0.7853000734686338,7.251509215387128e-07,0.001238826653478921,-1.3989068241363529e-06,-0.001981725318726841,-0.00023022547921589488,-0.0005939266771070697,-2.288111300805937e-07,0.0,0.0,0.0,-1.57079,0.0,1.57079,-0.7853,0.0,0.0,0.0,0.0,0.0,0.0,0.0,0.0,0.0
16,6,1,0.374,-1.0172061464074356e-07,0.0060144506003841315,-1.3690669007083406e-06,-1.5764551053746958,-0.0003843942928467486,1.5698606883518402,-0.785300073928816,7.174396910738853e-07,0.0012121360447656347,-1.3909010811889225e-06,-0.0019618241317465443,-0.000226879095495631,-0.0005856846014713397,-2.3009103949140916e-07,0.0,0.0,0.0,-1.57079,0.0,1.57079,-0.7853,0.0,0.0,0.0,0.0,0.0,0.0,0.0,0.0,0.0
16,6,2,0.376,-1.0030111933873684e-07,0.0060168226369590036,-1.3718326330313722e-06,-1.5764589896136818,-0.0003848414551028889,1.5698595332438314,-0.785300074391368,7.097476510033561e-07,0.0011860182874361136,-1.3828661615157953e-06,-0.0019421194929949087,-0.00022358112807012784,-0.0005775540043637373,-2.312760001897413e-07,0.0,0.0,0.0,-1.57079,0.0,1.57079,-0.7853,0.0,0.0,0.0,0.0,0.0,0.0,0.0,0.0,0.0
16,7,1,0.378,-9.889696368611322e-08,0.006019143558861343,-1.374582227360782e-06,-1.5764628348320098,-0.00038528211693868473,1.5698583941757474,-0.7853000748561002,7.020778263118137e-07,0.001160460951169696,-1.374797164704914e-06,-0.0019226091639672586,-0.00022033091789791482,-0.0005695340420515483,-2.3236614992116767e-07,0.0,0.0,0.0,-1.57079,0.0,1.57079,-0.7853,0.0,0.0,0.0,0.0,0.0,0.0,0.0,0.0,0.0
16,7,2,0.38,-9.750809779893517e-08,0.006021414462657558,-1.377315607682892e-06,-1.5764666414139705,-0.00038571637255929855,1.5698572709281382,-0.785300075322824,6.944329435890236e-07,0.001135451898107848,-1.3666901610550423e-06,-0.0019032909803384842,-0.00021712781030691235,-0.000561623804548224,-2.3336189741771606e-07,0.0,0.0,0.0,-1.57079,0.0,1.57079,-0.7853,0.0,0.0,0.0,0.0,0.0,0.0,0.0,0.0,0.0
16,8,1,0.382,-9.613446686309786e-08,0.006023636421203142,-1.3800326918410887e-06,-1.5764704097396591,-0.0003861443148702398,1.5698561632834904,-0.7853000757913517,6.868154679186577e-07,0.0011109792727919884,-1.358542079098303e-06,-0.0018841628443515281,-0.00021397115547061279,-0.0005538223238779218,-2.342638933361272e-07,0.0,0.0,0.0,-1.57079,0.0,1.57079,-0.7853,0.0,0.0,0.0,0.0,0.0,0.0,0.0,0.0,0.0
16,8,2,0.384,-9.47760115931279e-08,0.006025810484188865,-1.3827333930508823e-06,-1.5764741401850955,-0.0003865660354878899,1.5698550710263273,-0.7853000762614978,6.792276349849783e-07,0.00108703149286095,-1.3503506048968613e-06,-0.0018652227181890878,-0.00021086030882504404,-0.0005461285815870702,-2.3507300367054454e-07,0.0,0.0,0.0,-1.57079,0.0,1.57079,-0.7853,0.0,0.0,0.0,0.0,0.0,0.0,0.0,0.0,0.0
16,9,1,0.386,-9.343266863519001e-08,0.006027937678669691,-1.3854176212347575e-06,-1.576477833122332,-0.00038698162475075384,1.569853993943296,-0.7853000767330783,6.716714789689486e-07,0.0010635972404131261,-1.3421140919376024e-06,-0.0018464686181957862,-0.0002077946314319862,-0.0005385415155622277,-2.3579028512898594e-07,0.0,0.0,0.0,-1.57079,0.0,1.57079,-0.7853,0.0,0.0,0.0,0.0,0.0,0.0,0.0,0.0,0.0
16,9,2,0.388,-9.210437092169993e-08,0.006030019009577598,-1.3880852841958892e-06,-1.5764814889195515,-0.00038739117173134074,1.5698529318232437,-0.7853000772059122,6.641488567450402e-07,0.0010406654539532791,-1.333831480565864e-06,-0.0018278986098322035,-0.0002047734902934526,-0.0005310600262102324,-2.3641696268950135e-07,0.0,0.0,0.0,-1.57079,0.0,1.57079,-0.7853,0.0,0.0,0.0,0.0,0.0,0.0,0.0,0.0,0.0
16,10,1,0.39,-9.079104798402576e-08,0.006032055460219304,-1.390736288647861e-06,-1.5764851079411581,-0.000387794764248585,1.5698518844572795,-0.785300077679821,6.566614688370841e-07,0.0010182253208531231,-1.3255022259859487e-06,-0.0018095108032637139,-0.00020179625862213303,-0.0005236829820558676,-2.3695440884802495e-07,0.0,0.0,0.0,-1.57079,0.0,1.57079,-0.7853,0.0,0.0,0.0,0.0,0.0,0.0,0.0,0.0,0.0
16,10,2,0.392,-8.949262622894394e-08,0.006034047992759838,-1.3933705411157772e-06,-1.5764886905478572,-0.00038819248888072907,1.5698508516388299,-0.7853000781546293,6.492108775409112e-07,0.000996266270266948,-1.3171262339580839e-06,-0.0017913033494954896,-0.00019886231607203962,-0.0005164092248019582,-2.3740412488935217e-07,0.0,0.0,0.0,-1.57079,0.0,1.57079,-0.7853,0.0,0.0,0.0,0.0,0.0,0.0,0.0,0.0,0.0
16,11,1,0.394,-8.820794857018895e-08,0.006035998216616554,-1.3959873968526948e-06,-1.5764922371691013,-0.00038858443059234,1.5698498331960389,-0.7853000786304929,6.423388293774959e-07,0.0009751119283579308,-1.3084278684588038e-06,-0.0017733106220636828,-0.00019597085580544277,-0.0005092213955432183,-2.3793176810230408e-07,0.0,0.0,0.0,-1.57079,0.0,1.57079,-0.7853,0.0,0.0,0.0,0.0,0.0,0.0,0.0,0.0,0.0
16,11,2,0.396,-8.693056953620315e-08,0.006037911106657703,-1.3985835880420967e-06,-1.5764957485872857,-0.00038897067111685776,1.569848829121359,-0.7853000791092022,6.386895169929014e-07,0.0009564450205743735,-1.2980955947009685e-06,-0.0017557090921771718,-0.00019312026225890437,-0.0005020373399241495,-2.393546651679602e-07,0.0,0.0,0.0,-1.57079,0.0,1.57079,-0.7853,0.0,0.0,0.0,0.0,0.0,0.0,0.0,0.0,0.0
16,12,1,0.398,-8.565634458952436e-08,0.006039790893065597,-1.4011574591604024e-06,-1.5764992254414278,-0.0003893512910706081,1.5698478393617636,-0.7853000795920047,6.371124733394011e-07,0.0009398932039471536,-1.2869355591528459e-06,-0.00173842707106519,-0.00019030997687518797,-0.0004948797976671886,-2.4140120655511735e-07,0.0,0.0,0.0,-1.57079,0.0,1.57079,-0.7853,0.0,0.0,0.0,0.0,0.0,0.0,0.0,0.0,0.0
16,12,2,0.4,-8.43828388626461e-08,0.006041641176308848,-1.4037084611354957e-06,-1.5765026682593286,-0.0003897263701025189,1.569846863826485,-0.78530008007971,6.367528634391282e-07,0.0009251416216258065,-1.2755009875466155e-06,-0.0017214089503647897,-0.00018753951595540434,-0.0004877676392616319,-2.438526442626672e-07,0.0,0.0,0.0,-1.57079,0.0,1.57079,-0.7853,0.0,0.0,0.0,0.0,0.0,0.0,0.0,0.0,0.0
16,13,1,0.402,-8.310887019763974e-08,0.006043465024014366,-1.4062367761509016e-06,-1.5765060774832482,-0.00039009598698897696,1.5698459023937545,-0.7853000805727782,6.369843325031754e-07,0.0009119238527589149,-1.2641575077030117e-06,-0.0017046119597565427,-0.00018480844322901505,-0.0004807163652444228,-2.465341065449012e-07,0.0,0.0,0.0,-1.57079,0.0,1.57079,-0.7853,0.0,0.0,0.0,0.0,0.0,0.0,0.0,0.0,0.0
16,13,2,0.404,-8.183415775027569e-08,0.006045265052634666,-1.4087430427330376e-06,-1.5765094534903288,-0.00039046021968864095,1.569844954916645,-0.7853000810713924,6.373562236820268e-07,0.0009000143101499939,-1.253133291067984e-06,-0.0016880035402711043,-0.00018211634983199878,-0.00047373855476669224,-2.493070662209018e-07,0.0,0.0,0.0,-1.57079,0.0,1.57079,-0.7853,0.0,0.0,0.0,0.0,0.0,0.0,0.0,0.0,0.0
16,14,1,0.406,-8.055905335806856e-08,0.0060470434963366465,-1.4112281573806478e-06,-1.5765127966087693,-0.00039081914536865064,1.5698440212281124,-0.7853000815755184,6.375521961035614e-07,0.0008892218509903292,-1.2425573238050945e-06,-0.0016715592202140317,-0.00017946284000483603,-0.0004668442663151845,-2.520630301925848e-07,0.0,0.0,0.0,-1.57079,0.0,1.57079,-0.7853,0.0,0.0,0.0,0.0,0.0,0.0,0.0,0.0,0.0
16,14,2,0.40800000000000003,-7.928433761136e-08,0.00604880226514552,-1.4136931342314121e-06,-1.5765161071305713,-0.00039117284041099396,1.5698431011453247,-0.7853000820849549,6.373578733542832e-07,0.0008793844044365957,-1.2324884253821149e-06,-0.0016552609009973225,-0.00017684752117166794,-0.00046004139384826255,-2.547182562140836e-07,0.0,0.0,0.0,-1.57079,0.0,1.57079,-0.7853,0.0,0.0,0.0,0.0,0.0,0.0,0.0,0.0,0.0
16,15,1,0.41000000000000003,-7.801106634528656e-08,0.006050542994049333,-1.4161390083927289e-06,-1.5765193853215251,-0.00039152138040568106,1.5698421944733612,-0.7853000825993736,6.366356330367181e-07,0.0008703644519064735,-1.2229370806584112e-06,-0.0016390954768994428,-0.00017426999734353624,-0.00045333598180710683,-2.5720933339705387e-07,0.0,0.0,0.0,-1.57079,0.0,1.57079,-0.7853,0.0,0.0,0.0,0.0,0.0,0.0,0.0,0.0,0.0
16,15,2,0.41200000000000003,-7.674045627968402e-08,0.006052267084494866,-1.4185667718176376e-06,-1.5765226314289782,-0.00039186484013571015,1.569841301008356,-0.7853000831183525,6.353050328012689e-07,0.0008620452227662487,-1.2138817124543566e-06,-0.0016230537265184998,-0.00017172986501454976,-0.0004467325025134713,-2.5948948838381757e-07,0.0,0.0,0.0,-1.57079,0.0,1.57079,-0.7853,0.0,0.0,0.0,0.0,0.0,0.0,0.0,0.0,0.0
16,16,1,0.41400000000000003,-7.547380092735967e-08,0.006053975739475807,-1.4209773331631812e-06,-1.5765258456878282,-0.0003922032935575122,1.5698404205401573,-0.7853000836414036,6.333276761621727e-07,0.0008543274904703272,-1.2052806727717977e-06,-0.0016071294249952236,-0.00016922671090104706,-0.00044023409941980216,-2.615255016627629e-07,0.0,0.0,0.0,-1.57079,0.0,1.57079,-0.7853,0.0,0.0,0.0,0.0,0.0,0.0,0.0,0.0,0.0
16,16,2,0.41600000000000004,-7.421240979227547e-08,0.006055669993221624,-1.4233714950716387e-06,-1.5765290283250988,-0.00039253681377954887,1.5698395528545581,-0.7853000841679939,6.306955675420949e-07,0.0008471268729087619,-1.1970809542287236e-06,-0.0015913186353537345,-0.00016676011101831667,-0.0004338427995514201,-2.6329513670814625e-07,0.0,0.0,0.0,-1.57079,0.0,1.57079,-0.7853,0.0,0.0,0.0,0.0,0.0,0.0,0.0,0.0,0.0
16,17,1,0.418,-7.295756538705245e-08,0.006057350736334317,-1.425749943880016e-06,-1.5765321795633886,-0.0003928654730409583,1.5698386977351615,-0.785300084697564,6.274222026115102e-07,0.0008403715563462855,-1.1892244041886647e-06,-0.001575619144937082,-0.00016432963070470974,-0.0004275596983116528,-2.6478500023192725e-07,0.0,0.0,0.0,-1.57079,0.0,1.57079,-0.7853,0.0,0.0,0.0,0.0,0.0,0.0,0.0,0.0,0.0
16,17,2,0.42,-7.171049379335067e-08,0.0060590187370851084,-1.4281132479819185e-06,-1.576535299623427,-0.0003931893426915468,1.5698378549649223,-0.7853000852295415,6.235357968508896e-07,0.0008340003753959059,-1.1816520509512705e-06,-0.0015600300191587451,-0.00016193482529424513,-0.00042138511961816523,-2.659887635876524e-07,0.0,0.0,0.0,-1.57079,0.0,1.57079,-0.7853,0.0,0.0,0.0,0.0,0.0,0.0,0.0,0.0,0.0
16,18,1,0.422,-7.047234543271522e-08,0.006060674659469895,-1.430461862011457e-06,-1.5765383887259268,-0.000393508493173969,1.569837024327414,-0.7853000857633529,6.190741803177259e-07,0.0008279611923933746,-1.1743070147692264e-06,-0.0015445512499235301,-0.00015957524121108237,-0.00041531875412131175,-2.669056886211507e-07,0.0,0.0,0.0,-1.57079,0.0,1.57079,-0.7853,0.0,0.0,0.0,0.0,0.0,0.0,0.0,0.0,0.0
16,18,2,0.424,-6.924418346044157e-08,0.006062319078527242,-1.4327961347494177e-06,-1.5765414470928873,-0.0003938229940086009,1.5698362056078579,-0.7853000862984317,6.140809861368179e-07,0.0008222095286736959,-1.1671363689803763e-06,-0.001529183480267136,-0.0001572504173159609,-0.0004093597780297208,-2.6753940773292786e-07,0.0,0.0,0.0,-1.57079,0.0,1.57079,-0.7853,0.0,0.0,0.0,0.0,0.0,0.0,0.0,0.0,0.0
16,19,1,0.426,-6.802697778164171e-08,0.006063952493343036,-1.4351163192136586e-06,-1.5765444749484678,-0.00039413291378135934,1.5698353985939482,-0.7853000868342256,6.086028393999297e-07,0.0008167074078967045,-1.1600922321204632e-06,-0.0015139277902081803,-0.0001549598863792271,-0.00040350695484708235,-2.678969175653748e-07,0.0,0.0,0.0,-1.57079,0.0,1.57079,-0.7853,0.0,0.0,0.0,0.0,0.0,0.0,0.0,0.0,0.0
16,19,2,0.428,-6.682160314961523e-08,0.006065575338098971,-1.4374225838252533e-06,-1.576547472519531,-0.0003944383201345385,1.569834603076504,-0.7853000873702011,6.026873160132391e-07,0.0008114223779676164,-1.1531323057973068e-06,-0.001498785531617796,-0.00015270317658959287,-0.0003977587221026385,-2.679877523362106e-07,0.0,0.0,0.0,-1.57079,0.0,1.57079,-0.7853,0.0,0.0,0.0,0.0,0.0,0.0,0.0,0.0,0.0
16,20,1,0.43,-6.562884016787067e-08,0.006067187991465887,-1.4397150238682642e-06,-1.5765504400359354,-0.00039473927976060755,1.569833818849974,-0.7853000879058477,5.96381490872281e-07,0.0008063266834579362,-1.1462200215055087e-06,-0.0014837582022162682,-0.00015047981303453547,-0.0003921132649549841,-2.678233059567184e-07,0.0,0.0,0.0,-1.57079,0.0,1.57079,-0.7853,0.0,0.0,0.0,0.0,0.0,0.0,0.0,0.0,0.0
16,20,2,0.432,-6.444937829946084e-08,0.006068790784595729,-1.4419936727070898e-06,-1.5765533777306366,-0.0003950358583988249,1.5698330457128173,-0.7853000884406802,5.897309342049159e-07,0.0008013965649211392,-1.1393244194128405e-06,-0.0014688473506833661,-0.00014828931910868928,-0.00038656857834978625,-2.674162798171069e-07,0.0,0.0,0.0,-1.57079,0.0,1.57079,-0.7853,0.0,0.0,0.0,0.0,0.0,0.0,0.0,0.0,0.0
17,1,1,0.434,-6.328382020723725e-08,0.006070384007926251,-1.4442585124091334e-06,-1.5765562858396494,-0.00039532812083446924,1.569832283467779,-0.7853000889742406,5.827790461117965e-07,0.0007966116652610732,-1.1324198510218264e-06,-0.0014540545064081203,-0.0001461312178221755,-0.00038112251923244926,-2.6678023523707374e-07,0.0,0.0,0.0,-1.57079,0.0,1.57079,-0.7853,0.0,0.0,0.0,0.0,0.0,0.0,0.0,0.0,0.0
17,1,2,0.436,-6.213268691938755e-08,0.006071967916979179,-1.4465094835563596e-06,-1.5765591646019066,-0.00039561613090045405,1.5698315319220786,-0.7853000895060991,5.755666439248496e-07,0.0007919545264644143,-1.1254855736131148e-06,-0.0014393811286492776,-0.00014400503299240146,-0.00037577285014775636,-2.659292325962604e-07,0.0,0.0,0.0,-1.57079,0.0,1.57079,-0.7853,0.0,0.0,0.0,0.0,0.0,0.0,0.0,0.0,0.0
17,2,1,0.438,-6.099642344662487e-08,0.006073542737304491,-1.4487464941281928e-06,-1.5765620142590484,-0.0003958999514810771,1.5698307908875277,-0.7853000900358542,5.68131736381342e-07,0.0007874101626558879,-1.1185052859166262e-06,-0.0014248285709019836,-0.00014191029031153152,-0.000370517275404632,-2.648775429988085e-07,0.0,0.0,0.0,-1.57079,0.0,1.57079,-0.7853,0.0,0.0,0.0,0.0,0.0,0.0,0.0,0.0,0.0
17,2,2,0.44,-5.98754045790002e-08,0.0060751086686998,-1.4509694274089855e-06,-1.5765648350551626,-0.00039617964451765314,1.5698300601805861,-0.7853000905631331,5.605094338123336e-07,0.0007829656976541257,-1.1114666403964072e-06,-0.0014103980570904413,-0.00013984651828802556,-0.00036535347084805245,-2.6363942015313886e-07,0.0,0.0,0.0,-1.57079,0.0,1.57079,-0.7853,0.0,0.0,0.0,0.0,0.0,0.0,0.0,0.0,0.0
17,3,1,0.442,-5.876994066806479e-08,0.006076665888813942,-1.4531781489226805e-06,-1.5765676272364963,-0.00039645527101578326,1.56982933962237,-0.7853000910875909,5.52731955467708e-07,0.0007786100570713177,-1.1043607568474712e-06,-0.0013960906668831245,-0.00013781324906506456,-0.000360279108148577,-2.622289220236523e-07,0.0,0.0,0.0,-1.57079,0.0,1.57079,-0.7853,0.0,0.0,0.0,0.0,0.0,0.0,0.0,0.0,0.0
17,3,2,0.444,-5.7680283259251896e-08,0.0060782145562270715,-1.4553725124306452e-06,-1.5765703910511524,-0.0003967268910540266,1.5698286290386212,-0.7853000916089105,5.44828704406447e-07,0.0007743337065646851,-1.0971817539823518e-06,-0.001381907327971108,-0.000135810019121668,-0.00035529187441129384,-2.606597740471546e-07,0.0,0.0,0.0,-1.57079,0.0,1.57079,-0.7853,0.0,0.0,0.0,0.0,0.0,0.0,0.0,0.0,0.0
17,4,1,0.446,-5.660663048399639e-08,0.006079754813085398,-1.457552365050066e-06,-1.5765731267487795,-0.000396994563793755,1.5698279282596457,-0.785300092126801,5.36826387627753e-07,0.0007701284291635277,-1.0899263097103845e-06,-0.0013678488135921737,-0.00013383636986421916,-0.0003503894878030872,-2.589452651091593e-07,0.0,0.0,0.0,-1.57079,0.0,1.57079,-0.7853,0.0,0.0,0.0,0.0,0.0,0.0,0.0,0.0,0.0
17,4,2,0.448,-5.5549132154484204e-08,0.006081286787356803,-1.4597175515628583e-06,-1.5765758345802674,-0.0003972583474899896,1.569827237120226,-0.7853000926409973,5.287491647560952e-07,0.0007659871357023135,-1.0825932563961646e-06,-0.0013539157439435494,-0.00013189184811727425,-0.00034556970980620226,-2.570981722374341e-07,0.0,0.0,0.0,-1.57079,0.0,1.57079,-0.7853,0.0,0.0,0.0,0.0,0.0,0.0,0.0,0.0,0.0
17,5,1,0.45,-5.450789452862944e-08,0.006082810594763442,-1.4618679179912974e-06,-1.5765785147974483,-0.00039751829950303557,1.5698265554595168,-0.7853000931512587,5.20618812927383e-07,0.0007619037033193499,-1.0751832142195497e-06,-0.0013401085904094158,-0.00012997600652298765,-0.00034083035462604427,-2.551307079049694e-07,0.0,0.0,0.0,-1.57079,0.0,1.57079,-0.7853,0.0,0.0,0.0,0.0,0.0,0.0,0.0,0.0,0.0
17,5,2,0.452,-5.3482984730874374e-08,0.0060843263404389706,-1.4640033145182546e-06,-1.5765811676528119,-0.0003977744763107529,1.5698258831209244,-0.7853000936573676,5.124548988775314e-07,0.0007578728377645727,-1.0676982634786142e-06,-0.0013264276817662793,-0.00012808840385863907,-0.0003361692962113393,-2.5305448491921934e-07,0.0,0.0,0.0,-1.57079,0.0,1.57079,-0.7853,0.0,0.0,0.0,0.0,0.0,0.0,0.0,0.0,0.0
17,6,1,0.454,-5.247443482728338e-08,0.006085834120350808,-1.4661235978284772e-06,-1.5765837933992353,-0.0003980269335213159,1.5698252199519778,-0.7853000941591286,5.042749517954986e-07,0.000753889955918796,-1.0601416551112595e-06,-0.0013128732117138329,-0.00012622860528151912,-0.00033158447328040993,-2.5088049709315264e-07,0.0,0.0,0.0,-1.57079,0.0,1.57079,-0.7853,0.0,0.0,0.0,0.0,0.0,0.0,0.0,0.0,0.0
17,6,2,0.456,-5.148224556240272e-08,0.006087334022521772,-1.4682286329438423e-06,-1.5765863922897296,-0.00039827572588633587,1.5698245658041923,-0.7853000946563669,4.960946324403284e-07,0.000749951085481607,-1.0525175576826109e-06,-0.0012994452472267467,-0.00012439618250998416,-0.0003270738926936688,-2.486191110568317e-07,0.0,0.0,0.0,-1.57079,0.0,1.57079,-0.7853,0.0,0.0,0.0,0.0,0.0,0.0,0.0,0.0,0.0
17,7,1,0.458,-5.050638977140721e-08,0.0060888261280802785,-1.4703182946206867e-06,-1.5765889645772042,-0.00039852090731423375,1.5698239205329294,-0.785300095148927,4.879278954977557e-07,0.0007460527792534883,-1.0448308384221858e-06,-0.0012861437373430876,-0.00012259071394895576,-0.0003226356314630808,-2.4628006776994875e-07,0.0,0.0,0.0,-1.57079,0.0,1.57079,-0.7853,0.0,0.0,0.0,0.0,0.0,0.0,0.0,0.0,0.0
17,7,2,0.46,-4.954681548490796e-08,0.006090310512163944,-1.4723924683717419e-06,-1.5765915105142485,-0.0003987625308837688,1.5698232839972541,-0.7853000956366719,4.797871432496258e-07,0.0007421920418326938,-1.0370868755275818e-06,-0.0012729685221013474,-0.00012081178476752766,-0.00031826783764870784,-2.4387249146599894e-07,0.0,0.0,0.0,-1.57079,0.0,1.57079,-0.7853,0.0,0.0,0.0,0.0,0.0,0.0,0.0,0.0,0.0
17,8,1,0.462,-4.8603448746037204e-08,0.006091787244697703,-1.4744510511693471e-06,-1.5765940303529313,-0.00039900064885764003,1.5698226560597934,-0.7853000961194817,4.7168336943537535e-07,0.0007383662668795826,-1.0292913988026058e-06,-0.0012599193414088586,-0.00011905898693561152,-0.0003139687303527703,-2.414049040560032e-07,0.0,0.0,0.0,-1.57079,0.0,1.57079,-0.7853,0.0,0.0,0.0,0.0,0.0,0.0,0.0,0.0,0.0
17,8,2,0.464,-4.767619616046851e-08,0.006093256391064469,-1.4764939518806847e-06,-1.5765965243446187,-0.0003992353126960919,1.5698220365865954,-0.7853000965972522,4.6362629278434766e-07,0.000734573183383104,-1.0214503556687699e-06,-0.0012469958436879458,-0.00011733191922594415,-0.00030973659899399,-2.3888524374138956e-07,0.0,0.0,0.0,-1.57079,0.0,1.57079,-0.7853,0.0,0.0,0.0,0.0,0.0,0.0,0.0,0.0,0.0
17,9,1,0.466,-4.676494720023365e-08,0.006094718012683671,-1.4785210914800475e-06,-1.5765989927398072,-0.00039946657307046604,1.5698214254469913,-0.785300097069894,4.556244801174336e-07,0.000730810809601098,-1.0135697996814723e-06,-0.0012341975941891493,-0.00011563018718705961,-0.0003055698020126248,-2.3632088701783468e-07,0.0,0.0,0.0,-1.57079,0.0,1.57079,-0.7853,0.0,0.0,0.0,0.0,0.0,0.0,0.0,0.0,0.0
17,9,2,0.468,-4.586957628181125e-08,0.006096172167510764,-1.4805324030777146e-06,-1.576601435787973,-0.00039969447987665043,1.5698208225134611,-0.7853000975373313,4.4768545921119755e-07,0.0007270774135467479,-1.0056557988334858e-06,-0.0012215240828973022,-0.0001139534030922073,-0.0003014667651355805,-2.3371867237608388e-07,0.0,0.0,0.0,-1.57079,0.0,1.57079,-0.7853,0.0,0.0,0.0,0.0,0.0,0.0,0.0,0.0,0.0
17,10,1,0.47000000000000003,-4.4989944638159887e-08,0.006097618910468892,-1.4825278317999223e-06,-1.576603853737437,-0.0003999190822483877,1.5698202276615025,-0.7853000979995012,4.398158218256845e-07,0.0007233714790639748,-9.977143611038849e-07,-0.0012089747319868646,-0.00011230118586863672,-0.0002974259793099299,-2.3108492628172269e-07,0.0,0.0,0.0,-1.57079,0.0,1.57079,-0.7853,0.0,0.0,0.0,0.0,0.0,0.0,0.0,0.0,0.0
17,10,2,0.47200000000000003,-4.4125902003337895e-08,0.006099058293822246,-1.4845073345498108e-06,-1.5766062468352426,-0.0004001404285704098,1.5698196407695058,-0.7853000984563522,4.320213174109965e-07,0.0007196916766770786,-9.897513749443128e-07,-0.0011965489027987285,-0.00011067316101103343,-0.0002934459983929408,-2.2842548894758341e-07,0.0,0.0,0.0,-1.57079,0.0,1.57079,-0.7853,0.0,0.0,0.0,0.0,0.0,0.0,0.0,0.0,0.0
17,11,1,0.47400000000000003,-4.3277288127141886e-08,0.0061004903674992915,-1.4864708796749849e-06,-1.5766086153270473,-0.00040035856649137477,1.5698190617186325,-0.7853000989078437,4.2430693809800375e-07,0.000716036838522789,-9.817725625869863e-07,-0.0011842459023327027,-0.00010906896048247976,-0.0002895254366751065,-2.2574574110108105e-07,0.0,0.0,0.0,-1.57079,0.0,1.57079,-0.7853,0.0,0.0,0.0,0.0,0.0,0.0,0.0,0.0,0.0
17,11,2,0.47600000000000003,-4.2443934135937894e-08,0.0061019151793728415,-1.4884184465635785e-06,-1.576610959457026,-0.0004005735429365863,1.5698184903927,-0.785300099353945,4.166769956019974e-07,0.0007124059367748999,-9.737834442967446e-07,-0.0011720649892567794,-0.0001074882226057758,-0.0002856629662969928,-2.2305063055994493e-07,0.0,0.0,0.0,-1.57079,0.0,1.57079,-0.7853,0.0,0.0,0.0,0.0,0.0,0.0,0.0,0.0,0.0
17,12,1,0.47800000000000004,-4.1625663754574054e-08,0.006103332775502961,-1.4903500251873563e-06,-1.5766132794677847,-0.00040078540412048146,1.5698179266780707,-0.7853000997946343,4.091351906819211e-07,0.0007087980650596517,-9.657893118889312e-07,-0.0011600053794451717,-0.00010593059194757094,-0.000281857314608805,-2.2034469827439153e-07,0.0,0.0,0.0,-1.57079,0.0,1.57079,-0.7853,0.0,0.0,0.0,0.0,0.0,0.0,0.0,0.0,0.0
17,12,2,0.48,-4.0822294402998266e-08,0.006104743200347829,-1.4922656156074166e-06,-1.5766155756002869,-0.0004009941955588763,1.5698173704635476,-0.7853001002298985,4.0168467578789374e-07,0.0007052124224341496,-9.577952100301495e-07,-0.0011480662510644835,-0.00010439571919741772,-0.00027810726151661033,-2.176321038553076e-07,0.0,0.0,0.0,-1.57079,0.0,1.57079,-0.7853,0.0,0.0,0.0,0.0,0.0,0.0,0.0,0.0,0.0
17,13,1,0.482,-4.003363817999772e-08,0.006106146496946954,-1.494165227455481e-06,-1.5766178480937854,-0.0004011999620809632,1.569816821640274,-0.7853001006597318,3.943281115002719e-07,0.0007016482995625093,-9.498059240321806e-07,-0.0011362467492273853,-0.0001028832610434617,-0.0002744116368440877,-2.1491665044367836e-07,0.0,0.0,0.0,-1.57079,0.0,1.57079,-0.7853,0.0,0.0,0.0,0.0,0.0,0.0,0.0,0.0,0.0
17,13,2,0.484,-3.9259502745328466e-08,0.00610754270708051,-1.4960488794014997e-06,-1.5766200971857658,-0.0004014027478410557,1.5698162801016384,-0.7853001010841354,3.870677173346289e-07,0.0006981050667783289,-9.418259730094143e-07,-0.0011245459902394822,-0.00010139288004625602,-0.0002707693177387018,-2.1220180834012976e-07,0.0,0.0,0.0,-1.57079,0.0,1.57079,-0.7853,0.0,0.0,0.0,0.0,0.0,0.0,0.0,0.0,0.0
17,14,1,0.486,-3.849969211042469e-08,0.006108931871408045,-1.497916598616338e-06,-1.5766223231118968,-0.00040160259633007954,1.569815745743186,-0.7853001015031169,3.799053174518886e-07,0.0006945821637676941,-9.338596074191002e-07,-0.0011129630654658927,-9.992424451192407e-05,-0.0002671792261404997,-2.0949073814631749e-07,0.0,0.0,0.0,-1.57079,0.0,1.57079,-0.7853,0.0,0.0,0.0,0.0,0.0,0.0,0.0,0.0,0.0
17,14,2,0.488,-3.775400734689785e-08,0.006110314029589335,-1.4997684202366509e-06,-1.5766245261059864,-0.00040179955038681077,1.5698152184625334,-0.7853001019166895,3.7284238176341767e-07,0.0006910790906445895,-9.25910810156454e-07,-0.0011014970448411595,-9.847702836562872e-05,-0.0002636403263292675,-2.0678631209380633e-07,0.0,0.0,0.0,-1.57079,0.0,1.57079,-0.7853,0.0,0.0,0.0,0.0,0.0,0.0,0.0,0.0,0.0
17,15,1,0.49,-3.702224722110569e-08,0.0061116892203897846,-1.501604386837594e-06,-1.5766267063999464,-0.0004019936522088632,1.5698146981592882,-0.7853001023248718,3.658800628960795e-07,0.0006875954002249585,-9.179833004715836e-07,-0.0010901469800523253,-9.705091102621081e-05,-0.00026015162256288983,-2.0409113527565868e-07,0.0,0.0,0.0,-1.57079,0.0,1.57079,-0.7853,0.0,0.0,0.0,0.0,0.0,0.0,0.0,0.0,0.0
17,15,2,0.492,-3.6304208762257594e-08,0.006113057481772448,-1.503424547917822e-06,-1.5766288642237611,-0.0004021849433634284,1.5698141847349745,-0.7853001027276869,3.5901922942404725e-07,0.000684130691332031,-9.100805401139429e-07,-0.0010789119074166595,-9.564557728257347e-05,-0.00025671215681179454,-2.0140756477226628e-07,0.0,0.0,0.0,-1.57079,0.0,1.57079,-0.7853,0.0,0.0,0.0,0.0,0.0,0.0,0.0,0.0,0.0
17,16,1,0.494,-3.559968777075275e-08,0.006114418850978429,-1.5052289594001768e-06,-1.5766309998054622,-0.0004023734647977731,1.5698136780929612,-0.7853001031251624,3.5226049575242313e-07,0.0006806846029906946,-9.0220574117749e-07,-0.0010677908504809844,-9.426071717236155e-05,-0.0002533210065972811,-1.9873772825672908e-07,0.0,0.0,0.0,-1.57079,0.0,1.57079,-0.7853,0.0,0.0,0.0,0.0,0.0,0.0,0.0,0.0,0.0
17,16,2,0.496,-3.4908479272765495e-08,0.006115773364597206,-1.5070176831506059e-06,-1.576633113371107,-0.00040255925684949976,1.5698131781383953,-0.7853001035173295,3.4560424899362696e-07,0.0006772568093886388,-8.943618752145588e-07,-0.0010567828223660635,-9.289602586331438e-05,-0.0002499772829354932,-1.9608354119608627e-07,0.0,0.0,0.0,-1.57079,0.0,1.57079,-0.7853,0.0,0.0,0.0,0.0,0.0,0.0,0.0,0.0,0.0
17,17,1,0.498,-3.423037792647701e-08,0.006117121058628204,-1.5087907865171254e-06,-1.5766352051447627,-0.0004027423592565749,1.5698126847781384,-0.7853001039042229,3.3905067314424417e-07,0.000673847015498877,-8.865516832597507e-07,-0.0010458868278764631,-9.155120353756108e-05,-0.0002466801283887414,-1.93446723504968e-07,0.0,0.0,0.0,-1.57079,0.0,1.57079,-0.7853,0.0,0.0,0.0,0.0,0.0,0.0,0.0,0.0,0.0
17,17,2,0.5,-3.356517838479549e-08,0.006118461968534752,-1.5105483418900486e-06,-1.5766372753484936,-0.00040292281116713303,1.569812197920708,-0.7853001042858805,3.3259977084076095e-07,0.0006704549532739066,-8.787776864615832e-07,-0.0010351018653980129,-9.02259552790728e-05,-0.00024342871522352357,-1.908288145015426e-07,0.0,0.0,0.0,-1.57079,0.0,1.57079,-0.7853,0.0,0.0,0.0,0.0,0.0,0.0,0.0,0.0,0.0
17,18,1,0.502,-3.2912675618909297e-08,0.00611979612929142,-1.5122904262842034e-06,-1.5766393242023509,-0.0004031006511490618,1.5698117174762207,-0.7853001046623429,3.2625138294309573e-07,0.0006670803783337544,-8.710421970774201e-07,-0.0010244269286006319,-8.891999096438966e-05,-0.0002402222436731975,-1.8823118707128558e-07,0.0,0.0,0.0,-1.57079,0.0,1.57079,-0.7853,0.0,0.0,0.0,0.0,0.0,0.0,0.0,0.0,0.0
17,18,2,0.504,-3.227266520656467e-08,0.006121123575425583,-1.5140171209434546e-06,-1.5766413519243667,-0.00040327591719937524,1.56981124335634,-0.785300105033653,3.2000520617231376e-07,0.0006637230670816321,-8.633473296256202e-07,-0.0010138610079659506,-8.763302515671675e-05,-0.00023705994030394898,-1.8565506117594546e-07,0.0,0.0,0.0,-1.57079,0.0,1.57079,-0.7853,0.0,0.0,0.0,0.0,0.0,0.0,0.0,0.0,0.0
17,19,1,0.506,-3.164494358856586e-08,0.006122444341053962,-1.5157285109675315e-06,-1.576643358730551,-0.000403448646753382,1.569810775474227,-0.7853001053998561,3.138608089994051e-07,0.0006603828141895932,-8.556950120384554e-07,-0.001003403092154865,-8.636477700339659e-05,-0.00023394105648035288,-1.8310151606937317e-07,0.0,0.0,0.0,-1.57079,0.0,1.57079,-0.7853,0.0,0.0,0.0,0.0,0.0,0.0,0.0,0.0,0.0
17,19,2,0.508,-3.102930829663398e-08,0.006123758459914772,-1.5174246849609007e-06,-1.5766453448348896,-0.0004036188766936555,1.5698103137444932,-0.7853001057609991,3.0781764596593953e-07,0.0006570594304048597,-8.480869966846533e-07,-0.000993052169230161,-8.511497013675257e-05,-0.0002308648669271851,-1.8057150200060992e-07,0.0,0.0,0.0,-1.57079,0.0,1.57079,-0.7853,0.0,0.0,0.0,0.0,0.0,0.0,0.0,0.0,0.0
17,20,1,0.51,-3.0425558155440474e-08,0.006125065965396041,-1.5191057347032197e-06,-1.576647310449345,-0.000403786643358812,1.5698098580831565,-0.7853001061171307,3.018750705967531e-07,0.0006537527406344603,-8.405248711595376e-07,-0.0009828072277488437,-8.388333257826575e-05,-0.0002278306683833464,-1.7806585075832458e-07,0.0,0.0,0.0,-1.57079,0.0,1.57079,-0.7853,0.0,0.0,0.0,0.0,0.0,0.0,0.0,0.0,0.0
17,20,2,0.512,-2.983349346134435e-08,0.006126366890560584,-1.5207717548407498e-06,-1.5766492557838605,-0.00040395198255210407,1.5698094084075997,-0.7853001064683013,2.960323470480622e-07,0.000650462582271404,-8.330100687650588e-07,-0.0009726672577365662,-8.26695966460182e-05,-0.0002248377783435227,-1.7558528544662252e-07,0.0,0.0,0.0,-1.57079,0.0,1.57079,-0.7853,0.0,0.0,0.0,0.0,0.0,0.0,0.0,0.0,0.0
17,21,1,0.514,-2.92529161401093e-08,0.006127661268168045,-1.5224228425979996e-06,-1.5766511810463637,-0.0004041149295498347,1.569808964636532,-0.7853001068145622,2.9028866061752566e-07,0.000647188803730383,-8.255438786249502e-07,-0.00096263125155422,-8.147349886530379e-05,-0.0002218855338831833,-1.7313043003331602e-07,0.0,0.0,0.0,-1.57079,0.0,1.57079,-0.7853,0.0,0.0,0.0,0.0,0.0,0.0,0.0,0.0,0.0
17,21,2,0.516,-2.8683629885646405e-08,0.006128949130694377,-1.5240590975087793e-06,-1.576653086442773,-0.0004042755191095994,1.5698085266899509,-0.7853001071559659,2.8464312723144683e-07,0.0006439312631661169,-8.181274553898428e-07,-0.0009526982046695227,-8.029477988233448e-05,-0.00021897329056374656,-1.707018172357731e-07,0.0,0.0,0.0,-1.57079,0.0,1.57079,-0.7853,0.0,0.0,0.0,0.0,0.0,0.0,0.0,0.0,0.0
17,22,1,0.518,-2.812544028161935e-08,0.006130230510349078,-1.525680621165784e-06,-1.5766549721770058,-0.0004044337854783612,1.569808094489108,-0.7853001074925656,2.790948020135267e-07,0.0006406898273504338,-8.107618285023558e-07,-0.0009428671163416165,-7.913318438091855e-05,-0.00021610042141115686,-1.682998971167027e-07,0.0,0.0,0.0,-1.57079,0.0,1.57079,-0.7853,0.0,0.0,0.0,0.0,0.0,0.0,0.0,0.0,0.0
17,22,2,0.52,-2.757815490757925e-08,0.006131505439090452,-1.5272875169878126e-06,-1.5766568384509863,-0.0004045897624003652,1.569807667956476,-0.7853001078244157,2.7364268702005055e-07,0.0006374643706872986,-8.03447911014331e-07,-0.0009331369902265059,-7.798846100198207e-05,-0.00021326631596543626,-1.659250438007166e-07,0.0,0.0,0.0,-1.57079,0.0,1.57079,-0.7853,0.0,0.0,0.0,0.0,0.0,0.0,0.0,0.0,0.0
17,23,1,0.522,-2.7041583431115124e-08,0.00613277394863915,-1.528879890003679e-06,-1.576658685464656,-0.0004047434831248969,1.5698072470157174,-0.7853001081515708,2.6828573823206265e-07,0.0006342547743488465,-7.961865079332013e-07,-0.0009235068349142726,-7.686036226586221e-05,-0.0002104703793964506,-1.6357756232851062e-07,0.0,0.0,0.0,-1.57079,0.0,1.57079,-0.7853,0.0,0.0,0.0,0.0,0.0,0.0,0.0,0.0,0.0
17,23,2,0.524,-2.651553768737687e-08,0.006134036070490182,-1.5304578466519026e-06,-1.5766605134159848,-0.0004048949804138913,1.569806831591654,-0.7853001084740862,2.6302287186912676e-07,0.0006310609255160119,-7.889783241117353e-07,-0.0009139756644008802,-7.574864449719129e-05,-0.0002077120316813048,-1.6125769475794332e-07,0.0,0.0,0.0,-1.57079,0.0,1.57079,-0.7853,0.0,0.0,0.0,0.0,0.0,0.0,0.0,0.0,0.0
17,24,1,0.526,-2.5999831747183747e-08,0.006135291835923605,-1.5320214945952507e-06,-1.5766623225009817,-0.0004050442865493959,1.5698064216102403,-0.7853001087920174,2.578529700965613e-07,0.0006278827167112747,-7.818239716740807e-07,-0.000904542498504283,-7.465306775229881e-05,-0.00020499070683918443,-1.58965625966858e-07,0.0,0.0,0.0,-1.57079,0.0,1.57079,-0.7853,0.0,0.0,0.0,0.0,0.0,0.0,0.0,0.0,0.0
17,24,2,0.528,-2.5494281974819283e-08,0.006136541276014028,-1.5335709425492342e-06,-1.5766641129137082,-0.0004051914333408939,1.569806016998536,-0.7853001091054204,2.527748861822332e-07,0.0006247200452116041,-7.747239769917525e-07,-0.0008952063632297284,-7.357339574900108e-05,-0.0002023058522213485,-1.5670148879778446e-07,0.0,0.0,0.0,-1.57079,0.0,1.57079,-0.7853,0.0,0.0,0.0,0.0,0.0,0.0,0.0,0.0,0.0
18,1,1,0.53,-2.4998707076510898e-08,0.006137784421639091,-1.5351063001236843e-06,-1.5766658848462904,-0.0004053364521324912,1.5698056176846802,-0.7853001094143511,2.4778744915419285e-07,0.000621572812531338,-7.676787872250592e-07,-0.0008859662910880577,-7.250939579864182e-05,-0.00019965692785049426,-1.5446536870515902e-07,0.0,0.0,0.0,-1.57079,0.0,1.57079,-0.7853,0.0,0.0,0.0,0.0,0.0,0.0,0.0,0.0,0.0
18,1,2,0.532,-2.451292814049116e-08,0.006139021303487024,-1.5366276776765626e-06,-1.576667638488933,-0.0004054793738099718,1.5698052235978686,-0.7853001097188658,2.428894680098689e-07,0.0006184409239666068,-7.606887764391543e-07,-0.0008768213213732236,-7.14608387402928e-05,-0.00019704340580667368,-1.5225730843127915e-07,0.0,0.0,0.0,-1.57079,0.0,1.57079,-0.7853,0.0,0.0,0.0,0.0,0.0,0.0,0.0,0.0,0.0
18,2,1,0.534,-2.4036768669454502e-08,0.006140251952063412,-1.538135186179188e-06,-1.576669374029934,-0.00040562022880772584,1.5698048346683293,-0.7853001100190204,2.3807973551832918e-07,0.0006153242881936748,-7.537542513127089e-07,-0.0008677705004038783,-7.042749887701711e-05,-0.0001944647696585741,-1.500773120293181e-07,0.0,0.0,0.0,-1.57079,0.0,1.57079,-0.7853,0.0,0.0,0.0,0.0,0.0,0.0,0.0,0.0,0.0
18,2,2,0.536,-2.357005460615366e-08,0.00614147639769724,-1.5396289370921168e-06,-1.5766710916556974,-0.0004057590471155539,1.5698044508273015,-0.7853001103148711,2.333570316504208e-07,0.0006122228169140731,-7.468754564644463e-07,-0.0008588128817297628,-6.940915391404106e-05,-0.0001919205139332351,-1.4792534849240877e-07,0.0,0.0,0.0,-1.57079,0.0,1.57079,-0.7853,0.0,0.0,0.0,0.0,0.0,0.0,0.0,0.0,0.0
18,3,1,0.538,-2.3112614352800988e-08,0.006142694670546322,-1.5411090422509307e-06,-1.5766727915507501,-0.0004058958582853515,1.5698040720070143,-0.7853001106064739,2.287201266763371e-07,0.0006091364245414091,-7.4005257940692e-07,-0.0008499475263096496,-6.84055848987875e-05,-0.00018941014362406573,-1.4580135512248246e-07,0.0,0.0,0.0,-1.57079,0.0,1.57079,-0.7853,0.0,0.0,0.0,0.0,0.0,0.0,0.0,0.0,0.0
18,3,2,0.54,-2.2664278784881703e-08,0.006143906800602171,-1.542575613761233e-06,-1.5766744738977554,-0.0004060306914376768,1.569803698140667,-0.7853001108938843,2.2416778395964291e-07,0.0006060650279244293,-7.332857551511222e-07,-0.0008411735026623425,-6.741657616265195e-05,-0.00018693317373372467,-1.437052409505936e-07,0.0,0.0,0.0,-1.57079,0.0,1.57079,-0.7853,0.0,0.0,0.0,0.0,0.0,0.0,0.0,0.0,0.0
18,4,1,0.542,-2.2224881259934054e-08,0.006145112817694374,-1.544028763902201e-06,-1.5766761388775294,-0.00040616357526820565,1.5698033291624092,-0.785300111177158,2.1969876247382483e-07,0.0006030085461019287,-7.265750704840043e-07,-0.0008324898869932621,-6.644191526442386e-05,-0.00018448912884874645,-1.416368892396302e-07,0.0,0.0,0.0,-1.57079,0.0,1.57079,-0.7853,0.0,0.0,0.0,0.0,0.0,0.0,0.0,0.0,0.0
18,4,2,0.544,-2.1794257621793723e-08,0.0061463127514945455,-1.5454686050380671e-06,-1.576677786669056,-0.0004062945380540762,1.5698029650073237,-0.7853001114563504,2.1531181907016564e-07,0.0005999669000858142,-7.199205679330707e-07,-0.000823895763299894,-6.548139293528551e-05,-0.00018207754274432835,-1.395961603189479e-07,0.0,0.0,0.0,-1.57079,0.0,1.57079,-0.7853,0.0,0.0,0.0,0.0,0.0,0.0,0.0,0.0,0.0
18,5,1,0.546,-2.1372246200757023e-08,0.006147506631519884,-1.5468952495369441e-06,-1.576679417449503,-0.0004064236076601268,1.5698026056114076,-0.7853001117315161,2.110057105183502e-07,0.0005969400126690145,-7.133222494385055e-07,-0.0008153902234585436,-6.453480302530389e-05,-0.0001796979580164572,-1.3758289384644818e-07,0.0,0.0,0.0,-1.57079,0.0,1.57079,-0.7853,0.0,0.0,0.0,0.0,0.0,0.0,0.0,0.0,0.0
18,5,2,0.548,-2.0958687810079585e-08,0.006148694487136393,-1.5483088096964556e-06,-1.5766810313942374,-0.0004065508115450294,1.5698022509115561,-0.78530011200271,2.0677919533871907e-07,0.0005939278082548117,-7.06780079755733e-07,-0.0008069723672922699,-6.360194245131521e-05,-0.00017734992573894715,-1.3559691123109787e-07,0.0,0.0,0.0,-1.57079,0.0,1.57079,-0.7853,0.0,0.0,0.0,0.0,0.0,0.0,0.0,0.0,0.0
18,6,1,0.55,-2.0553425739182448e-08,0.006149876347561805,-1.5497093976756522e-06,-1.5766826286768427,-0.0004066761767673218,1.569801900845546,-0.7853001122699861,2.0263103544856856e-07,0.0005909302127057551,-7.002939895982577e-07,-0.0007986413026250499,-6.268261114617438e-05,-0.0001750330051445824,-1.3363801752264128e-07,0.0,0.0,0.0,-1.57079,0.0,1.57079,-0.7853,0.0,0.0,0.0,0.0,0.0,0.0,0.0,0.0,0.0
18,6,2,0.552,-2.0156305743909763e-08,0.006151052241868224,-1.5510971254327408e-06,-1.5766842094691333,-0.00040679972999134033,1.5698015553520193,-0.785300112533398,1.9855999763634167e-07,0.0005879471532093066,-6.938638785443343e-07,-0.0007903961453213679,-6.177661200926609e-05,-0.00017274676332784035,-1.3170600311444518e-07,0.0,0.0,0.0,-1.57079,0.0,1.57079,-0.7853,0.0,0.0,0.0,0.0,0.0,0.0,0.0,0.0,0.0
18,7,1,0.554,-1.9767176034145937e-08,0.006152222198984541,-1.5524721046681788e-06,-1.576685773941172,-0.0004069214974930568,1.5698012143704694,-0.7853001127929994,1.945648548819129e-07,0.0005849785581585732,-6.87489617718954e-07,-0.000782236019313647,-6.0883750858230714e-05,-0.00017049077496629332,-1.2980064585219113e-07,0.0,0.0,0.0,-1.57079,0.0,1.57079,-0.7853,0.0,0.0,0.0,0.0,0.0,0.0,0.0,0.0,0.0
18,7,2,0.556,-1.9385887259079916e-08,0.006153386247698634,-1.5538344467727243e-06,-1.5766873222612852,-0.0004070415051658205,1.5698008778412254,-0.7853001130488428,1.9064438753301038e-07,0.0005820243570460816,-6.81171052272726e-07,-0.0007741600566184111,-6.000383638184408e-05,-0.00016826462206231092,-1.2792171206379255e-07,0.0,0.0,0.0,-1.57079,0.0,1.57079,-0.7853,0.0,0.0,0.0,0.0,0.0,0.0,0.0,0.0,0.0
18,8,1,0.558,-1.901229249036969e-08,0.0061545444166593724,-1.555184262780055e-06,-1.5766888545960798,-0.0004071597785260085,1.569800545705438,-0.7853001133009807,1.8679738435511323e-07,0.0005790844803693789,-6.74908003665289e-07,-0.0007661673973428306,-5.9136680093995366e-05,-0.00016606789370041317,-1.260689581630684e-07,0.0,0.0,0.0,-1.57079,0.0,1.57079,-0.7853,0.0,0.0,0.0,0.0,0.0,0.0,0.0,0.0,0.0
18,8,2,0.56,-1.8646247203441435e-08,0.0061556967343784665,-1.5565216633235958e-06,-1.5766903711104592,-0.0004072763427185859,1.5698002179050663,-0.7853001135494649,1.8302264346412682e-07,0.0005761588595469977,-6.687002717704524e-07,-0.0007582571896825322,-5.828209628871537e-05,-0.0001639001858201557,-1.2424213208963478e-07,0.0,0.0,0.0,-1.57079,0.0,1.57079,-0.7853,0.0,0.0,0.0,0.0,0.0,0.0,0.0,0.0,0.0
18,9,1,0.562,-1.8287609257139743e-08,0.006156843229232154,-1.5578467585972331e-06,-1.576691871967639,-0.00040739122252257833,1.5697998943828644,-0.7853001137943469,1.7931897315084553e-07,0.0005732474268434324,-6.625476368186902e-07,-0.0007504285899111597,-5.743990199620057e-05,-0.00016176110100420967,-1.2244097412338024e-07,0.0,0.0,0.0,-1.57079,0.0,1.57079,-0.7853,0.0,0.0,0.0,0.0,0.0,0.0,0.0,0.0,0.0
18,9,2,0.5640000000000001,-1.7936238871917315e-08,0.006157983929462758,-1.5591596583195968e-06,-1.5766933573291637,-0.00040750444235645793,1.569799575082368,-0.7853001140356773,1.7568519261121348e-07,0.0005703501153024927,-6.564498611818285e-07,-0.0007426807623639152,-5.660991693980498e-05,-0.0001596502482792001,-1.206652181961056e-07,0.0,0.0,0.0,-1.57079,0.0,1.57079,-0.7853,0.0,0.0,0.0,0.0,0.0,0.0,0.0,0.0,0.0
18,10,1,0.5660000000000001,-1.7591998606744555e-08,0.006159118863180133,-1.5604604717016361e-06,-1.5766948273549226,-0.0004076160262834458,1.569799259947882,-0.7853001142735065,1.721201325863803e-07,0.0005674668586876016,-6.504066910196852e-07,-0.0007350128794138773,-5.579196349393393e-05,-0.00015756724292886334,-1.1891459297264045e-07,0.0,0.0,0.0,-1.57079,0.0,1.57079,-0.7853,0.0,0.0,0.0,0.0,0.0,0.0,0.0,0.0,0.0
18,10,2,0.5680000000000001,-1.725475333490139e-08,0.00616024805836299,-1.5617493074172298e-06,-1.5766962822031656,-0.00040772599801673144,1.5697989489244695,-0.7853001145078842,1.6862263592158237e-07,0.0005645975914285259,-6.444178577968498e-07,-0.0007274241214427307,-5.4985866642810544e-05,-0.00015551170631778466,-1.171888222468149e-07,0.0,0.0,0.0,-1.57079,0.0,1.57079,-0.7853,0.0,0.0,0.0,0.0,0.0,0.0,0.0,0.0,0.0
18,11,1,0.5700000000000001,-1.6924370218789863e-08,0.006161371542860138,-1.5630262735765747e-06,-1.5766977220305192,-0.00040783438092461166,1.569798641957938,-0.7853001147388594,1.6519155805576335e-07,0.0005617422485740177,-6.384830796724057e-07,-0.0007199136768079257,-5.419145394010438e-05,-0.0001534832657266025,-1.1548762626198471e-07,0.0,0.0,0.0,-1.57079,0.0,1.57079,-0.7853,0.0,0.0,0.0,0.0,0.0,0.0,0.0,0.0,0.0
18,11,2,0.5720000000000001,-1.660071868390837e-08,0.006162489344391636,-1.564291477702144e-06,-1.5766991469920029,-0.00040794119803555035,1.5697983389948296,-0.7853001149664809,1.6182576744074532e-07,0.0005589007657491915,-6.32602062784685e-07,-0.0007124807418039922,-5.340855546934328e-05,-0.00015148155419599286,-1.1381072203008661e-07,0.0,0.0,0.0,-1.57079,0.0,1.57079,-0.7853,0.0,0.0,0.0,0.0,0.0,0.0,0.0,0.0,0.0
18,12,1,0.5740000000000001,-1.6283670392102314e-08,0.006163601490549871,-1.565545026707e-06,-1.5767005572410442,-0.0004080464720431606,1.5697980399824087,-0.7853001151907966,1.585241459030288e-07,0.0005560730791176289,-6.267745024279716e-07,-0.0007051245206211335,-5.2637003805117026e-05,-0.0001495062103797179,-1.1215782419869838e-07,0.0,0.0,0.0,-1.57079,0.0,1.57079,-0.7853,0.0,0.0,0.0,0.0,0.0,0.0,0.0,0.0,0.0
18,12,2,0.5760000000000001,-1.5973099214204834e-08,0.006164708008800566,-1.5667870268752757e-06,-1.5767019529294948,-0.0004081502253111106,1.569797744868652,-0.7853001154118538,1.5528558894874034e-07,0.0005532591253472384,-6.210000841379402e-07,-0.0006978442252993309,-5.187663397501289e-05,-0.00014755687840549783,-1.1052864573293011e-07,0.0,0.0,0.0,-1.57079,0.0,1.57079,-0.7853,0.0,0.0,0.0,0.0,0.0,0.0,0.0,0.0,0.0
18,13,1,0.578,-1.5668881202163727e-08,0.006165808926483726,-1.568017583844647e-06,-1.5767033342076462,-0.0004082524798779552,1.5697974536022365,-0.7853001156296996,1.5210900602055293e-07,0.0005504588415800196,-6.152784846856316e-07,-0.0006906390756810617,-5.112728342228983e-05,-0.0001456332077437642,-1.0892289814416713e-07,0.0,0.0,0.0,-1.57079,0.0,1.57079,-0.7853,0.0,0.0,0.0,0.0,0.0,0.0,0.0,0.0,0.0
18,13,2,0.58,-1.5370894560748965e-08,0.006166904270814535,-1.5692368025906382e-06,-1.576704701224245,-0.0004083532574618936,1.5697971661325303,-0.7853001158443802,1.4899332070738041e-07,0.0005476721654045103,-6.096093729955391e-07,-0.0006835082993592486,-5.0388791969219615e-05,-0.0001437348530826408,-1.0734029237170092e-07,0.0,0.0,0.0,-1.57079,0.0,1.57079,-0.7853,0.0,0.0,0.0,0.0,0.0,0.0,0.0,0.0,0.0
18,14,1,0.582,-1.507901961891895e-08,0.006167994068884198,-1.5704447874126073e-06,-1.5767060541265083,-0.0004084525794654559,1.5697968824095818,-0.7853001160559413,1.4593747091500822e-07,0.0005448990348315999,-6.039924109845699e-07,-0.0006764511316252491,-4.966100178112613e-05,-0.00014186147420977953,-1.0578053870785198e-07,0.0,0.0,0.0,-1.57079,0.0,1.57079,-0.7853,0.0,0.0,0.0,0.0,0.0,0.0,0.0,0.0,0.0
18,14,2,0.584,-1.4793138800921532e-08,0.006169078347660743,-1.5716416419212782e-06,-1.5767073930601392,-0.00040855046698011797,1.5697966023841101,-0.785300116264428,1.4294040899870844e-07,0.0005421393882724355,-5.984272543355065e-07,-0.0006694668154132295,-4.89437573310559e-05,-0.00014001273590026283,-1.0424334769682239e-07,0.0,0.0,0.0,-1.57079,0.0,1.57079,-0.7853,0.0,0.0,0.0,0.0,0.0,0.0,0.0,0.0,0.0
18,15,1,0.586,-1.451313659719781e-08,0.00617015713398978,-1.572827469027693e-06,-1.5767087181693418,-0.00040864694079084814,1.5697963260074945,-0.7853001164698848,1.400011018618613e-07,0.0005393931645187502,-5.929135532073324e-07,-0.0006625546012433975,-4.823690536507924e-05,-0.00013818830780961444,-1.0272843026609873e-07,0.0,0.0,0.0,-1.57079,0.0,1.57079,-0.7853,0.0,0.0,0.0,0.0,0.0,0.0,0.0,0.0,0.0
18,15,2,0.588,-1.4238899535149049e-08,0.00617123045459523,-1.5740023709334674e-06,-1.5767100295968361,-0.00040874202138058456,1.5697960532317659,-0.7853001166723559,1.3711853102438033e-07,0.0005366603027252316,-5.874509528872798e-07,-0.0006557137471636975,-4.754029486819702e-05,-0.00013638786437099212,-1.0123549794396006e-07,0.0,0.0,0.0,-1.57079,0.0,1.57079,-0.7853,0.0,0.0,0.0,0.0,0.0,0.0,0.0,0.0,0.0
18,16,1,0.59,-1.3970316149821218e-08,0.006172298336080018,-1.5751664491222465e-06,-1.5767113274838735,-0.00040883572893464623,1.5697957840095964,-0.7853001168718844,1.3429169266391545e-07,0.0005339407423935958,-5.820390943895089e-07,-0.0006489435186902691,-4.685377703084217e-05,-0.0001346110846985173,-9.976426334506646e-08,0.0,0.0,0.0,-1.57079,0.0,1.57079,-0.7853,0.0,0.0,0.0,0.0,0.0,0.0,0.0,0.0,0.0
18,16,2,0.592,-1.3707276954557073e-08,0.006173360804926735,-1.576319804352256e-06,-1.576712611970251,-0.00040892808334507815,1.5697955182942913,-0.7853001170685133,1.3151959763207223e-07,0.0005312344233583572,-5.766776150047156e-07,-0.0006422431887469593,-4.61772052159514e-05,-0.00013285765249388833,-9.831444041344865e-08,0.0,0.0,0.0,-1.57079,0.0,1.57079,-0.7853,0.0,0.0,0.0,0.0,0.0,0.0,0.0,0.0,0.0
18,17,1,0.594,-1.3449674411662908e-08,0.006174417887498283,-1.5774625366498693e-06,-1.5767138831943261,-0.00040901910421493133,1.5697952560397794,-0.7853001172622848,1.2880127144708315e-07,0.0005285412857739287,-5.713661488066793e-07,-0.0006356120376035615,-4.5510434926588006e-05,-0.0001311272559571357,-9.688574435493286e-08,0.0,0.0,0.0,-1.57079,0.0,1.57079,-0.7853,0.0,0.0,0.0,0.0,0.0,0.0,0.0,0.0,0.0
18,17,2,0.596,-1.3197402903125982e-08,0.006175469610038489,-1.5785947453040979e-06,-1.5767151412930318,-0.0004091088108624796,1.569794997200604,-0.7853001174532406,1.2613575426846306e-07,0.0005258612701030818,-5.661043271143391e-07,-0.0006290493528137081,-4.485332377411507e-05,-0.00012941958770151124,-9.547789244349005e-08,0.0,0.0,0.0,-1.57079,0.0,1.57079,-0.7853,0.0,0.0,0.0,0.0,0.0,0.0,0.0,0.0,0.0
18,18,1,0.598,-1.2950358701425277e-08,0.0061765159986727014,-1.5797165288619387e-06,-1.57671638640189,-0.0004091972223253733,1.5697947417319147,-0.7853001176414218,1.2352210085035205e-07,0.0005231943171064756,-5.608917789203877e-07,-0.0006225544291516076,-4.4205731446880726e-05,-0.0001277343446708275,-9.409060349394072e-08,0.0,0.0,0.0,-1.57079,0.0,1.57079,-0.7853,0.0,0.0,0.0,0.0,0.0,0.0,0.0,0.0,0.0
18,18,2,0.6,-1.270843994046199e-08,0.006177557079408368,-1.5808279851244996e-06,-1.5767176186550271,-0.0004092843573647322,1.5697944895894587,-0.785300117826869,1.2095938048164402e-07,0.0005205403678333423,-5.557281312804418e-07,-0.0006161265685489629,-4.356751967943187e-05,-0.0001260712280605972,-9.272359845198622e-08,0.0,0.0,0.0,-1.57079,0.0,1.57079,-0.7853,0.0,0.0,0.0,0.0,0.0,0.0,0.0,0.0,0.0
18,19,1,0.602,-1.247154658664108e-08,0.006178592878135594,-1.5819292111438427e-06,-1.576718838185187,-0.00040937023446917665,1.5697942407295722,-0.7853001180096222,1.1844667691045473e-07,0.0005178993636130651,-5.506130096716009e-07,-0.000609765080031507,-4.293855222222455e-05,-0.0001244299432423059,-9.137660053708173e-08,0.0,0.0,0.0,-1.57079,0.0,1.57079,-0.7853,0.0,0.0,0.0,0.0,0.0,0.0,0.0,0.0,0.0
18,19,2,0.604,-1.2239580410132007e-08,0.0061796234206276885,-1.5830203032204894e-06,-1.5767200451237464,-0.0004094548718588003,1.5697939951091728,-0.7853001181897209,1.15983088254536e-07,0.0005152712460474839,-5.455460383233842e-07,-0.0006034692796546868,-4.2318694811814546e-05,-0.00012281019968977822,-9.004933527631702e-08,0.0,0.0,0.0,-1.57079,0.0,1.57079,-0.7853,0.0,0.0,0.0,0.0,0.0,0.0,0.0,0.0,0.0
18,20,1,0.606,-1.2012444956332037e-08,0.006180648732541696,-1.5841013569015332e-06,-1.5767212396007273,-0.00040953828748908336,1.569793752685751,-0.7853001183672039,1.1356772689998556e-07,0.0005126559570039172,-5.405268405218767e-07,-0.000597238490439069,-4.1707815141524415e-05,-0.00012121171090827045,-8.874153053738496e-08,0.0,0.0,0.0,-1.57079,0.0,1.57079,-0.7853,0.0,0.0,0.0,0.0,0.0,0.0,0.0,0.0,0.0
18,20,2,0.608,-1.179004551754868e-08,0.006181668839418914,-1.585172466979304e-06,-1.576722421744812,-0.00040962049905474856,1.5697935134173624,-0.7853001185421098,1.1119971939167843e-07,0.0005100534386090536,-5.355550388853788e-07,-0.0005910720423066992,-4.110578283259116e-05,-0.00011963419436664175,-8.745291684762469e-08,0.0,0.0,0.0,-1.57079,0.0,1.57079,-0.7853,0.0,0.0,0.0,0.0,0.0,0.0,0.0,0.0,0.0
18,21,1,0.61,-1.1572289104923457e-08,0.0061826837666854005,-1.5862337274905445e-06,-1.576723591683356,-0.0004097015239935601,1.5697932772626195,-0.7853001187144762,1.0887820631261065e-07,0.0005074636332433523,-5.306302556202619e-07,-0.0005849692720168159,-4.051246940575719e-05,-0.00011807737143060908,-8.618322720012617e-08,0.0,0.0,0.0,-1.57079,0.0,1.57079,-0.7853,0.0,0.0,0.0,0.0,0.0,0.0,0.0,0.0,0.0
18,21,2,0.612,-1.135908442061392e-08,0.006183693539652472,-1.587285231716059e-06,-1.5767247495424022,-0.00040978137949006666,1.5697930441806849,-0.7853001188843406,1.0660234215476842e-07,0.0005048864835357638,-5.257521127572373e-07,-0.0005789295231008541,-3.992774825329967e-05,-0.00011654096729869429,-8.493219726798998e-08,0.0,0.0,0.0,-1.57079,0.0,1.57079,-0.7853,0.0,0.0,0.0,0.0,0.0,0.0,0.0,0.0,0.0
18,22,1,0.614,-1.1150341830242776e-08,0.00618469818351719,-1.5883270721807853e-06,-1.5767258954466938,-0.0004098600824792897,1.569792814131263,-0.7853001190517397,1.0437129518557223e-07,0.0005023219323593365,-5.209202323632003e-07,-0.0005729521457992188,-3.935149461151847e-05,-0.00011502471094012864,-8.369956569150567e-08,0.0,0.0,0.0,-1.57079,0.0,1.57079,-0.7853,0.0,0.0,0.0,0.0,0.0,0.0,0.0,0.0,0.0
18,22,2,0.616,-1.0945973335634195e-08,0.006185697723362844,-1.589359340654269e-06,-1.5767270295196878,-0.0004099376496503569,1.5697925870745928,-0.7853001192167098,1.021842473042898e-07,0.0004997699228268685,-5.161342367419565e-07,-0.0005670364969966817,-3.878358553362782e-05,-0.00011352833503468045,-8.248507366473294e-08,0.0,0.0,0.0,-1.57079,0.0,1.57079,-0.7853,0.0,0.0,0.0,0.0,0.0,0.0,0.0,0.0,0.0
18,23,1,0.618,-1.074589254784305e-08,0.006186692184159418,-1.5903821281514986e-06,-1.576728151883568,-0.0004100140974500831,1.569792362971441,-0.7853001193792868,1.000403938955734e-07,0.0004972303982871417,-5.113937486147421e-07,-0.0005611819401585283,-3.822389986307523e-05,-0.00011205157591338273,-8.128846524135841e-08,0.0,0.0,0.0,-1.57079,0.0,1.57079,-0.7853,0.0,0.0,0.0,0.0,0.0,0.0,0.0,0.0,0.0
18,23,2,0.62,-1.0550014660486285e-08,0.006187681590764061,-1.5913955249340696e-06,-1.5767292626592586,-0.00041008944208649766,1.569792141783094,-0.7853001195395057,9.793894367838186e-08,0.0004947033023215603,-5.06698391285439e-07,-0.0005553878452674586,-3.767231820727829e-05,-0.00011059417350196727,-8.010948741606851e-08,0.0,0.0,0.0,-1.57079,0.0,1.57079,-0.7853,0.0,0.0,0.0,0.0,0.0,0.0,0.0,0.0,0.0
18,24,1,0.622,-1.0358256423388217e-08,0.006188665967921543,-1.5923996205116607e-06,-1.5767303619664361,-0.00041016369953232113,1.5697919234713515,-0.7853001196974015,9.58791185490335e-08,0.0004921885787408661,-5.020477887955682e-07,-0.0005496535887595981,-3.712872291174554e-05,-0.00010915587126487866,-7.894789010283615e-08,0.0,0.0,0.0,-1.57079,0.0,1.57079,-0.7853,0.0,0.0,0.0,0.0,0.0,0.0,0.0,0.0,0.0
18,24,2,0.624,-1.0170536116542446e-08,0.006189645340264708,-1.5933945036437865e-06,-1.576731449923543,-0.00041023688552839033,1.5697917079985193,-0.7853001198530084,9.38601534228856e-08,0.0004896861715824216,-4.974415660628683e-07,-0.000543978553462131,-3.659299803461084e-05,-0.00010773641615143063,-7.780342611705352e-08,0.0,0.0,0.0,-1.57079,0.0,1.57079,-0.7853,0.0,0.0,0.0,0.0,0.0,0.0,0.0,0.0,0.0
18,25,1,0.626,-9.986773524397955e-09,0.006190619732314923,-1.594380262341807e-06,-1.5767325266478,-0.00041030901558703343,1.5697914953274021,-0.7853001200063601,9.188129607224565e-08,0.0004871960251075989,-4.928793490102085e-07,-0.0005383621285305306,-3.606502932154302e-05,-0.0001063355585426281,-7.667585125722692e-08,0.0,0.0,0.0,-1.57079,0.0,1.57079,-0.7853,0.0,0.0,0.0,0.0,0.0,0.0,0.0,0.0,0.0
18,25,2,0.628,-9.806889910476009e-09,0.006191589168482521,-1.5953569838711782e-06,-1.5767335922552188,-0.0004103801049953955,1.5697912854212976,-0.78530012015749,8.994180696097326e-08,0.0004847180837992866,-4.883607646855937e-07,-0.0005328037093857776,-3.5544704181031476e-05,-0.00010495305219958403,-7.556492418754877e-08,0.0,0.0,0.0,-1.57079,0.0,1.57079,-0.7853,0.0,0.0,0.0,0.0,0.0,0.0,0.0,0.0,0.0
18,26,1,0.63,-9.630807992316895e-09,0.006192553673067241,-1.5963247547539147e-06,-1.576734646860614,-0.0004104501688187156,1.5697910782439892,-0.7853001203064308,8.804095907955677e-08,0.00048225229235986035,-4.838854413682558e-07,-0.0005273026976531112,-3.5031911660061215e-05,-0.00010358865421357052,-7.447040662238646e-08,0.0,0.0,0.0,-1.57079,0.0,1.57079,-0.7853,0.0,0.0,0.0,0.0,0.0,0.0,0.0,0.0,0.0
18,26,2,0.632,-9.458451916764626e-09,0.006193513270258659,-1.5972836607712552e-06,-1.5767356905776162,-0.0004105192219035559,1.5697908737597392,-0.785300120453215,8.617803777613492e-08,0.0004797985957090863,-4.794530086703037e-07,-0.0005218585010999279,-3.4526542420134404e-05,-0.00010224212495623659,-7.339206310818501e-08,0.0,0.0,0.0,-1.57079,0.0,1.57079,-0.7853,0.0,0.0,0.0,0.0,0.0,0.0,0.0,0.0,0.0
18,27,1,0.634,-9.28974723558683e-09,0.006194467984136623,-1.5982337869665071e-06,-1.5767367235186833,-0.0004105872788809832,1.5697906719332833,-0.7853001205978742,8.435234058889845e-08,0.0004773569389823795,-4.7506309762599904e-07,-0.0005164705335751477,-3.4028488713668296e-05,-0.00010091322803188005,-7.232966131044021e-08,0.0,0.0,0.0,-1.57079,0.0,1.57079,-0.7853,0.0,0.0,0.0,0.0,0.0,0.0,0.0,0.0,0.0
18,27,2,0.636,-9.1246208814346e-09,0.0061954178386716815,-1.5991752176480593e-06,-1.5767377457951133,-0.0004106543541697047,1.5697904727298229,-0.7853001207404402,8.256317707611469e-08,0.0004749272675291254,-4.707153407760848e-07,-0.0005111382149484439,-3.353764436073758e-05,-9.960173023005454e-05,-7.128297188608867e-08,0.0,0.0,0.0,-1.57079,0.0,1.57079,-0.7853,0.0,0.0,0.0,0.0,0.0,0.0,0.0,0.0,0.0
18,28,1,0.638,-8.963001144144435e-09,0.006196362857725504,-1.6001080363925518e-06,-1.5767387575170553,-0.000410720461979157,1.56979027611502,-0.7853001208809437,8.080986864508284e-08,0.0004725095269110456,-4.6640937224625583e-07,-0.0005058609710496617,-3.3053904726159946e-05,-9.830740147946719e-05,-7.025176818028628e-08,0.0,0.0,0.0,-1.57079,0.0,1.57079,-0.7853,0.0,0.0,0.0,0.0,0.0,0.0,0.0,0.0,0.0
18,28,2,0.64,-8.80481764737541e-09,0.006197303065051306,-1.6010323260481781e-06,-1.5767397587935226,-0.0004107856163125509,1.5697900820549904,-0.7853001210194154,7.909174838451265e-08,0.0004701036629010034,-4.621448278131939e-07,-0.0005006382336100485,-3.257716669694307e-05,-9.70300148027751e-05,-6.923582672479278e-08,0.0,0.0,0.0,-1.57079,0.0,1.57079,-0.7853,0.0,0.0,0.0,0.0,0.0,0.0,0.0,0.0,0.0
19,1,1,0.642,-8.650001325592287e-09,0.006198238484294269,-1.6019481687381264e-06,-1.576740749732403,-0.00041084983096987095,1.569789890516298,-0.7853001211558852,7.740816089156173e-08,0.0004677096214813798,-4.57921344974149e-07,-0.0004954694402016133,-3.21073286600359e-05,-9.576934627213955e-05,-6.82349268194295e-08,0.0,0.0,0.0,-1.57079,0.0,1.57079,-0.7853,0.0,0.0,0.0,0.0,0.0,0.0,0.0,0.0,0.0
19,1,2,0.644,-8.498484401382422e-09,0.006199169138991955,-1.6028556458641283e-06,-1.5767417304404714,-0.00041091311955083185,1.5697897014659479,-0.785300121290383,7.57584621049323e-08,0.00046532734884316803,-4.5373856300088665e-07,-0.0004903540341796723,-3.164429048044616e-05,-9.452517496599996e-05,-6.724885083195575e-08,0.0,0.0,0.0,-1.57079,0.0,1.57079,-0.7853,0.0,0.0,0.0,0.0,0.0,0.0,0.0,0.0,0.0
19,2,1,0.646,-8.350200363114808e-09,0.006200095052574724,-1.6037548381101218e-06,-1.5767427010234005,-0.00041097549545779117,1.569789514871382,-0.7853001214229377,7.414201913380671e-08,0.00046295679138467295,-4.495961229967828e-07,-0.0004852914646237891,-3.118795347965213e-05,-9.32972829261035e-05,-6.62773837949219e-08,0.0,0.0,0.0,-1.57079,0.0,1.57079,-0.7853,0.0,0.0,0.0,0.0,0.0,0.0,0.0,0.0,0.0
19,2,2,0.648,-8.205083942933268e-09,0.0062010162483661455,-1.60464582544601e-06,-1.576743661585773,-0.0004110369718986199,1.5697893307004718,-0.7853001215535783,7.25582100907706e-08,0.00046059789571050445,-4.454936679441419e-07,-0.00048028118628020414,-3.073822041435362e-05,-9.20854551159849e-05,-6.532031391153345e-08,0.0,0.0,0.0,-1.57079,0.0,1.57079,-0.7853,0.0,0.0,0.0,0.0,0.0,0.0,0.0,0.0,0.0
19,3,1,0.65,-8.063071095087188e-09,0.006201932749583407,-1.6055286871315117e-06,-1.576744612231092,-0.0004110975618895309,1.569789148921513,-0.7853001216823332,7.100642392304026e-08,0.00045825060863058625,-4.4143084275087103e-07,-0.0004753226595043393,-3.0294995455524046e-05,-9.088947937942612e-05,-6.437743195099118e-08,0.0,0.0,0.0,-1.57079,0.0,1.57079,-0.7853,0.0,0.0,0.0,0.0,0.0,0.0,0.0,0.0,0.0
19,3,2,0.652,-7.924098974593287e-09,0.006202844579337725,-1.6064035017200918e-06,-1.5767455530617924,-0.0004111572782578665,1.56978896950322,-0.7853001218092303,6.948606024695004e-08,0.0004559148771592535,-4.374072942900792e-07,-0.0004704153502042212,-2.9858184167785024e-05,-8.970914640075985e-05,-6.344853157609583e-08,0.0,0.0,0.0,-1.57079,0.0,1.57079,-0.7853,0.0,0.0,0.0,0.0,0.0,0.0,0.0,0.0,0.0
19,4,1,0.654,-7.788105916229278e-09,0.006203751760634754,-1.607270347062969e-06,-1.576746484179252,-0.00041121613364484465,1.5697887924147207,-0.7853001219342971,6.799652918200453e-08,0.0004535906485143421,-4.3342267143858167e-07,-0.00046555872978372903,-2.942769348907052e-05,-8.854424966443637e-05,-6.253340925113351e-08,0.0,0.0,0.0,-1.57079,0.0,1.57079,-0.7853,0.0,0.0,0.0,0.0,0.0,0.0,0.0,0.0,0.0
19,4,2,0.656,-7.655031413852152e-09,0.006204654316374987,-1.6081293003131844e-06,-1.5767474056838022,-0.0004112741405082659,1.5697886176255498,-0.7853001220575608,6.653725118856276e-08,0.0004512778701165855,-4.2947662510768096e-07,-0.00046075227508781704,-2.9003431710613797e-05,-8.739458541661698e-05,-6.163186435255477e-08,0.0,0.0,0.0,-1.57079,0.0,1.57079,-0.7853,0.0,0.0,0.0,0.0,0.0,0.0,0.0,0.0,0.0
19,5,1,0.658,-7.524816100046773e-09,0.0062055522693541644,-1.6089804379297413e-06,-1.576748317674739,-0.0004113313111251803,1.5697884451056445,-0.7853001221790482,6.510765690268932e-08,0.0004489764895885797,-4.255688082784766e-07,-0.00045599546834600613,-2.8585308457196558e-05,-8.625995262645607e-05,-6.074369878957436e-08,0.0,0.0,0.0,-1.57079,0.0,1.57079,-0.7853,0.0,0.0,0.0,0.0,0.0,0.0,0.0,0.0,0.0
19,5,2,0.66,-7.397401726092723e-09,0.0062064456422636725,-1.6098238356817944e-06,-1.5767492202503333,-0.0004113876575945157,1.5697882748253387,-0.7853001222987857,6.37071869770246e-08,0.00044668645475421796,-4.216988760265169e-07,-0.00045128779711834386,-2.8173234667720056e-05,-8.514015294896953e-05,-5.986871743479159e-08,0.0,0.0,0.0,-1.57079,0.0,1.57079,-0.7853,0.0,0.0,0.0,0.0,0.0,0.0,0.0,0.0,0.0
19,6,1,0.662,-7.272731142252296e-09,0.006207334457690949,-1.6106595686528913e-06,-1.5767501135078417,-0.0004114431918396678,1.5697881067553574,-0.7853001224167991,6.233529192021377e-08,0.0004444077136380026,-4.178664855483975e-07,-0.0004466287542409801,-2.7767122576041667e-05,-8.403499068731909e-05,-5.9006727644361206e-08,0.0,0.0,0.0,-1.57079,0.0,1.57079,-0.7853,0.0,0.0,0.0,0.0,0.0,0.0,0.0,0.0,0.0
19,6,2,0.664,-7.1507482783732345e-09,0.0062082187381198774,-1.6114877112452592e-06,-1.5767509975435172,-0.000411497925611052,1.5697879408668118,-0.7853001225331142,6.099143193953067e-08,0.0004421402144643624,-4.14071296183916e-07,-0.0004420178377723618,-2.7366885692102838e-05,-8.294427275662806e-05,-5.815753960034137e-08,0.0,0.0,0.0,-1.57079,0.0,1.57079,-0.7853,0.0,0.0,0.0,0.0,0.0,0.0,0.0,0.0,0.0
19,7,1,0.666,-7.031398124805048e-09,0.006209098505931192,-1.6123083371841338e-06,-1.576751872452619,-0.00041155187048861865,1.5697877771311946,-0.7853001226477562,5.967507678409348e-08,0.000439883905657028,-4.1031296943730156e-07,-0.0004374545509399201,-2.697243878332859e-05,-8.186780864802091e-05,-5.7320966039919144e-08,0.0,0.0,0.0,-1.57079,0.0,1.57079,-0.7853,0.0,0.0,0.0,0.0,0.0,0.0,0.0,0.0,0.0
19,7,2,0.668,-6.914626713624498e-09,0.006209973783402868,-1.6131215195221254e-06,-1.5767527383294233,-0.00041160503788433125,1.5697876155203738,-0.7853001227607498,5.838570559027509e-08,0.0004376387358384078,-4.065911689957725e-07,-0.0004329384020872683,-2.658369785630306e-05,-8.08054103935022e-05,-5.6496822207965576e-08,0.0,0.0,0.0,-1.57079,0.0,1.57079,-0.7853,0.0,0.0,0.0,0.0,0.0,0.0,0.0,0.0,0.0
19,8,1,0.67,-6.80038110016462e-09,0.006210844592710527,-1.6139273306436143e-06,-1.5767535952672325,-0.00041165743904460867,1.5697874560065888,-0.7853001228721196,5.712280672993908e-08,0.0004354046538290708,-4.029055607444986e-07,-0.00042846890462208784,-2.6200580138715092e-05,-7.97568925308109e-05,-5.568492619875075e-08,0.0,0.0,0.0,-1.57079,0.0,1.57079,-0.7853,0.0,0.0,0.0,0.0,0.0,0.0,0.0,0.0,0.0
19,8,2,0.672,-6.688609344846722e-09,0.006211710955927821,-1.6147258422691779e-06,-1.5767544433583864,-0.0004117090850527318,1.5697872985624446,-0.7853001229818898,5.5885877658948976e-08,0.00043318160864720966,-3.99255812781771e-07,-0.00042404557696464453,-2.5823004061569484e-05,-7.872207206982836e-05,-5.488509849326258e-08,0.0,0.0,0.0,-1.57079,0.0,1.57079,-0.7853,0.0,0.0,0.0,0.0,0.0,0.0,0.0,0.0,0.0
19,9,1,0.674,-6.579260495311742e-09,0.006212572895026837,-1.6155171254600443e-06,-1.5767552826942715,-0.0004117599868312151,1.5697871431609076,-0.7853001230900841,5.4674424767489996e-08,0.00043096954950800254,-3.956415954332513e-07,-0.0004196679424958885,-2.5450889241646964e-05,-7.770076845800208e-05,-5.409716202898701e-08,0.0,0.0,0.0,-1.57079,0.0,1.57079,-0.7853,0.0,0.0,0.0,0.0,0.0,0.0,0.0,0.0,0.0
19,9,2,0.676,-6.472284568843894e-09,0.006213430431878483,-1.6163012506225675e-06,-1.5767561133653305,-0.00041181015514414355,1.5697869897753005,-0.785300123196726,5.3487963233924236e-08,0.00042876842582317257,-3.920625812615549e-07,-0.0004153355295071723,-2.508415646423761e-05,-7.66928035477116e-05,-5.3320942358189514e-08,0.0,0.0,0.0,-1.57079,0.0,1.57079,-0.7853,0.0,0.0,0.0,0.0,0.0,0.0,0.0,0.0,0.0
19,10,1,0.678,-6.367632535086388e-09,0.006214283588252884,-1.6170782875127218e-06,-1.5767569354610729,-0.0004118596005994758,1.5697868383792974,-0.7853001233018386,5.232601687875279e-08,0.0004265781872004382,-3.8851844507720537e-07,-0.00041104787114988015,-2.472272766611712e-05,-7.5698001563696e-05,-5.255626730996386e-08,0.0,0.0,0.0,-1.57079,0.0,1.57079,-0.7853,0.0,0.0,0.0,0.0,0.0,0.0,0.0,0.0,0.0
19,10,2,0.68,-6.2652562990423565e-09,0.00621513238581977,-1.617848305240614e-06,-1.5767577490700837,-0.00041190833365131334,1.5697866889469192,-0.7853001234054445,5.118811802201605e-08,0.0004243987834430382,-3.8500886394615484e-07,-0.0004068045053856126,-2.436652591877517e-05,-7.471618907046574e-05,-5.1802967361955764e-08,0.0,0.0,0.0,-1.57079,0.0,1.57079,-0.7853,0.0,0.0,0.0,0.0,0.0,0.0,0.0,0.0,0.0
19,11,1,0.682,-6.165108684358393e-09,0.006215976846148869,-1.618611372275007e-06,-1.5767585542800335,-0.0004119563646021371,1.5697865414525294,-0.7853001235075663,5.00738073419819e-08,0.00042223016454933005,-3.8153351719645627e-07,-0.0004026049749372711,-2.4015475411891626e-05,-7.374719494054186e-05,-5.106087539549412e-08,0.0,0.0,0.0,-1.57079,0.0,1.57079,-0.7853,0.0,0.0,0.0,0.0,0.0,0.0,0.0,0.0,0.0
19,11,2,0.684,-6.067143416888977e-09,0.006216816990710293,-1.619367556447859e-06,-1.576759351177688,-0.0004120037036050112,1.5697863958708287,-0.785300123608226,4.898263373470802e-08,0.0004200722807121673,-3.780920864260218e-07,-0.00039844882723984605,-2.3669501437046806e-05,-7.279085032373391e-05,-5.0329826575574696e-08,0.0,0.0,0.0,-1.57079,0.0,1.57079,-0.7853,0.0,0.0,0.0,0.0,0.0,0.0,0.0,0.0,0.0
19,12,1,0.686,-5.971315108535769e-09,0.00621765284087493,-1.6201169249588738e-06,-1.5767601398489168,-0.00041205036066575455,1.5697862521768515,-0.7853001237074453,4.79141541766037e-08,0.0004179250823184668,-3.7468425550739523e-07,-0.0003943356143919663,-2.3328530371670665e-05,-7.18469886154292e-05,-4.9609658340486965e-08,0.0,0.0,0.0,-1.57079,0.0,1.57079,-0.7853,0.0,0.0,0.0,0.0,0.0,0.0,0.0,0.0,0.0
19,12,2,0.6880000000000001,-5.877579241355761e-09,0.0062184844179148276,-1.6208595443800529e-06,-1.576760920378703,-0.000412096345645081,1.5697861103459607,-0.7853001238052457,4.686793359000397e-08,0.00041578851994886114,-3.713097105894944e-07,-0.00039026489310877994,-2.2992489663242255e-05,-7.09154454270973e-05,-4.8900210489182625e-08,0.0,0.0,0.0,-1.57079,0.0,1.57079,-0.7853,0.0,0.0,0.0,0.0,0.0,0.0,0.0,0.0,0.0
19,13,1,0.6900000000000001,-5.785892151937826e-09,0.006219311743003582,-1.6215954806602562e-06,-1.5767616928511523,-0.0004121416682607084,1.5697859703538437,-0.7853001239016484,4.584354470896753e-08,0.00041366254437716116,-3.6796814010163136e-07,-0.00038623622467411924,-2.2661307813700475e-05,-6.999605855577419e-05,-4.8201325259397603e-08,0.0,0.0,0.0,-1.57079,0.0,1.57079,-0.7853,0.0,0.0,0.0,0.0,0.0,0.0,0.0,0.0,0.0
19,13,2,0.6920000000000001,-5.696211016043686e-09,0.006220134837216722,-1.6223247991297682e-06,-1.576762457349502,-0.0004121863380894366,1.5697858321765077,-0.785300123996674,4.4840567947069936e-08,0.0004115471065699155,-3.646592347560038e-07,-0.00038224917489378335,-2.2334914364091055e-05,-6.908866795496079e-05,-4.751284691847609e-08,0.0,0.0,0.0,-1.57079,0.0,1.57079,-0.7853,0.0,0.0,0.0,0.0,0.0,0.0,0.0,0.0,0.0
19,14,1,0.6940000000000001,-5.6084938335081915e-09,0.006220953721532093,-1.6230475645048663e-06,-1.57676321395613,-0.00041223036456919545,1.5697856957902763,-0.7853001240903433,4.385859126774721e-08,0.0004094421576858978,-3.613826875490224e-07,-0.00037830331404872645,-2.201323987943372e-05,-6.819311570517949e-05,-4.683462207208513e-08,0.0,0.0,0.0,-1.57079,0.0,1.57079,-0.7853,0.0,0.0,0.0,0.0,0.0,0.0,0.0,0.0,0.0
19,14,2,0.6960000000000001,-5.522699413393505e-09,0.006221768416830245,-1.6237638408923856e-06,-1.5767639627525638,-0.00041227375700106307,1.5697855611717844,-0.7853001241826764,4.289721005734309e-08,0.00040734764907584197,-3.5813819375966183e-07,-0.0003743982168499168,-2.1696215933822083e-05,-6.730924598558217e-05,-4.616649945898326e-08,0.0,0.0,0.0,-1.57079,0.0,1.57079,-0.7853,0.0,0.0,0.0,0.0,0.0,0.0,0.0,0.0,0.0
19,15,1,0.6980000000000001,-5.4387873593966675e-09,0.006222578943894808,-1.624473691794287e-06,-1.5767647038194885,-0.0004123165245512545,1.5697854282979742,-0.785300124273693,4.1956026998418994e-08,0.0004052635322818364,-3.5492545095072775e-07,-0.0003705334623921364,-2.1383775095724788e-05,-6.643690504547587e-05,-4.550833015346827e-08,0.0,0.0,0.0,-1.57079,0.0,1.57079,-0.7853,0.0,0.0,0.0,0.0,0.0,0.0,0.0,0.0,0.0
19,15,2,0.7000000000000001,-5.356718055504805e-09,0.006223385323412882,-1.6251771801122208e-06,-1.5767654372367568,-0.00041235867625308157,1.569785297146092,-0.7853001243634129,4.103465194593121e-08,0.0004031897590370157,-3.51744158966881e-07,-0.00036670863410951727,-2.1075850913514364e-05,-6.557594117664256e-05,-4.485996717008395e-08,0.0,0.0,0.0,-1.57079,0.0,1.57079,-0.7853,0.0,0.0,0.0,0.0,0.0,0.0,0.0,0.0,0.0
19,16,1,0.7020000000000001,-5.276452651895639e-09,0.006224187575975412,-1.6258743681520892e-06,-1.5767661630833962,-0.00041240022100888393,1.5697851676936825,-0.7853001244518555,4.0132701804582846e-08,0.0004011262812649756,-3.4859401993414933e-07,-0.000362923319730339,-2.0772377901195224e-05,-6.47262046858537e-05,-4.422126568919758e-08,0.0,0.0,0.0,-1.57079,0.0,1.57079,-0.7853,0.0,0.0,0.0,0.0,0.0,0.0,0.0,0.0,0.0
19,16,2,0.704,-5.197953051076183e-09,0.006224985722077571,-1.6265653176285993e-06,-1.5767668814376188,-0.0004124411675919326,1.5697850399185866,-0.7853001245390396,3.924980040972787e-08,0.00039907305107954343,-3.454747382551259e-07,-0.00035917711123367247,-2.0473291524354927e-05,-6.388754786745109e-05,-4.359208296933644e-08,0.0,0.0,0.0,-1.57079,0.0,1.57079,-0.7853,0.0,0.0,0.0,0.0,0.0,0.0,0.0,0.0,0.0
19,17,1,0.706,-5.1211818942603774e-09,0.006225779782119139,-1.6272500896698154e-06,-1.5767675923768283,-0.00041248152464830524,1.5697849137989366,-0.7853001246249842,3.838557840790295e-08,0.00039703002078416664,-3.423860206080606e-07,-0.00035546960480507074,-2.017852818630512e-05,-6.305982497701265e-05,-4.2972278366628535e-08,0.0,0.0,0.0,-1.57079,0.0,1.57079,-0.7853,0.0,0.0,0.0,0.0,0.0,0.0,0.0,0.0,0.0
19,17,2,0.708,-5.046102547978012e-09,0.006226569776404883,-1.6279287448216984e-06,-1.57676829597763,-0.00041252130069873414,1.5697847893131522,-0.7853001247097077,3.753967314118257e-08,0.0003949971428716321,-3.3932757594144165e-07,-0.0003518004007939812,-1.988802521443967e-05,-6.224289220509347e-05,-4.236171325614582e-08,0.0,0.0,0.0,-1.57079,0.0,1.57079,-0.7853,0.0,0.0,0.0,0.0,0.0,0.0,0.0,0.0,0.0
19,18,1,0.71,-4.972679090916176e-09,0.00622735572514493,-1.6286013430526438e-06,-1.5767689923158372,-0.00041256050414042767,1.5697846664399369,-0.7853001247932282,3.671172853091807e-08,0.0003929743700234482,-3.3629911547270906e-07,-0.00034816910367013265,-1.9601720846772502e-05,-6.143660765111767e-05,-4.176025086747524e-08,0.0,0.0,0.0,-1.57079,0.0,1.57079,-0.7853,0.0,0.0,0.0,0.0,0.0,0.0,0.0,0.0,0.0
19,18,2,0.712,-4.900876300982116e-09,0.006228137648455149,-1.6292679437580033e-06,-1.576769681466481,-0.00041259914324886507,1.5697845451582744,-0.7853001248755637,3.590139496702993e-08,0.00039096165510966026,-3.333003526797743e-07,-0.00034457532198209806,-1.9319554218695147e-05,-6.064083129738439e-05,-4.116775661776748e-08,0.0,0.0,0.0,-1.57079,0.0,1.57079,-0.7853,0.0,0.0,0.0,0.0,0.0,0.0,0.0,0.0,0.0
19,19,1,0.714,-4.830659642592299e-09,0.006228915566357525,-1.629928605764602e-06,-1.5767703635038177,-0.00041263722617956486,1.5697844254474245,-0.7853001249567318,3.5108329194908635e-08,0.00038895895118821794,-3.3033100329933086e-07,-0.00034101866831466333,-1.9041465349906344e-05,-5.9855424984280415e-05,-4.058409773760612e-08,0.0,0.0,0.0,-1.57079,0.0,1.57079,-0.7853,0.0,0.0,0.0,0.0,0.0,0.0,0.0,0.0,0.0
19,19,2,0.716,-4.761995254177748e-09,0.006229689498780534,-1.6305833873352405e-06,-1.5767710385013363,-0.000412674760969828,1.5697843072869198,-0.7853001250367502,3.433219420727596e-08,0.00038696621150465074,-3.273907853192751e-07,-0.00033749875924774956,-1.8767395131546475e-05,-5.908025238520785e-05,-4.0009143514195374e-08,0.0,0.0,0.0,-1.57079,0.0,1.57079,-0.7853,0.0,0.0,0.0,0.0,0.0,0.0,0.0,0.0,0.0
19,20,1,0.718,-4.694849935907985e-09,0.006230459465559517,-1.6312323461731917e-06,-1.5767717065317668,-0.000412711755540455,1.5697841906565617,-0.7853001251156357,3.3572659134881413e-08,0.0003849833894915117,-3.24479418975588e-07,-0.00033401521531477584,-1.8497285313507608e-05,-5.8315178982071575e-05,-3.9442764837168907e-08,0.0,0.0,0.0,-1.57079,0.0,1.57079,-0.7853,0.0,0.0,0.0,0.0,0.0,0.0,0.0,0.0,0.0
19,20,2,0.72,-4.629191137621496e-09,0.006231225486437054,-1.6318755394266747e-06,-1.5767723676670886,-0.00041274821769743885,1.5697840755364176,-0.7853001251934054,3.2829399143244316e-08,0.0003830104387682022,-3.215966267414853e-07,-0.00033056766096304843,-1.8231078491947702e-05,-5.756007204083374e-05,-3.8884834658107986e-08,0.0,0.0,0.0,-1.57079,0.0,1.57079,-0.7853,0.0,0.0,0.0,0.0,0.0,0.0,0.0,0.0,0.0
19,21,1,0.722,-4.564986946969029e-09,0.006231987581063334,-1.6325130236933244e-06,-1.5767730219785376,-0.0004127841551336328,1.5697839619068163,-0.7853001252700759,3.2102095326233534e-08,0.00038104731314025545,-3.18742133324839e-07,-0.0003271557245124222,-1.7968718096962293e-05,-5.6814800587865494e-05,-3.83352278243588e-08,0.0,0.0,0.0,-1.57079,0.0,1.57079,-0.7853,0.0,0.0,0.0,0.0,0.0,0.0,0.0,0.0,0.0
19,21,2,0.724,-4.5022060777602615e-09,0.006232745768996533,-1.633144855024643e-06,-1.576773669536614,-0.0004128195754303937,1.5697838497483456,-0.7853001253456635,3.139043460438364e-08,0.0003790939665990859,-3.1591566565933165e-07,-0.0003237790381161468,-1.7710148380454423e-05,-5.607923538613359e-05,-3.7793820835582454e-08,0.0,0.0,0.0,-1.57079,0.0,1.57079,-0.7853,0.0,0.0,0.0,0.0,0.0,0.0,0.0,0.0,0.0
19,22,1,0.726,-4.440817858512577e-09,0.006233500069703176,-1.6337710889304387e-06,-1.5767743104110894,-0.00041285448605920204,1.5697837390418479,-0.7853001254201845,3.069410962384231e-08,0.0003771503533214333,-3.1311695289785937e-07,-0.0003204372377210666,-1.7455314404173765e-05,-5.5353248912422775e-05,-3.726049210814878e-08,0.0,0.0,0.0,-1.57079,0.0,1.57079,-0.7853,0.0,0.0,0.0,0.0,0.0,0.0,0.0,0.0,0.0
19,22,2,0.728,-4.3807922211974375e-09,0.006234250502558514,-1.6343917803832464e-06,-1.5767749446710155,-0.0004128888943832579,1.5697836297684171,-0.7853001254936547,3.0012818657569465e-08,0.0003752164276690374,-3.103457264039083e-07,-0.00031712996302894617,-1.720416202793301e-05,-5.463671533398371e-05,-3.6735121826077286e-08,0.0,0.0,0.0,-1.57079,0.0,1.57079,-0.7853,0.0,0.0,0.0,0.0,0.0,0.0,0.0,0.0,0.0
19,23,1,0.73,-4.322099690183159e-09,0.006234997086846891,-1.6350069838227356e-06,-1.5767755723847305,-0.0004129228076590539,1.569783521909396,-0.7853001255660899,2.9346265507139175e-08,0.0003732921441881456,-3.076017197446415e-07,-0.00031385685745759505,-1.6956637897991267e-05,-5.392951048575437e-05,-3.6217591809731634e-08,0.0,0.0,0.0,-1.57079,0.0,1.57079,-0.7853,0.0,0.0,0.0,0.0,0.0,0.0,0.0,0.0,0.0
19,23,2,0.732,-4.264711371369128e-09,0.0062357398417621085,-1.6356167531601004e-06,-1.5767761936198668,-0.00041295623303792513,1.5697834154463723,-0.7853001256375054,2.8694159407015408e-08,0.0003713774576090488,-3.048846686823931e-07,-0.00031061756810264236,-1.6712689435612002e-05,-5.32315118485248e-05,-3.570778568738521e-08,0.0,0.0,0.0,-1.57079,0.0,1.57079,-0.7853,0.0,0.0,0.0,0.0,0.0,0.0,0.0,0.0,0.0
19,24,1,0.734,-4.208598941509113e-09,0.0062364787864078,-1.6362211417824327e-06,-1.5767768084433582,-0.0004129891775675767,1.5697833103611754,-0.7853001257079166,2.8056214930007595e-08,0.0003694723228456805,-3.0219431116616113e-07,-0.0003074117456998112,-1.6472264825785522e-05,-5.2542598526647514e-05,-3.520558866418706e-08,0.0,0.0,0.0,-1.57079,0.0,1.57079,-0.7853,0.0,0.0,0.0,0.0,0.0,0.0,0.0,0.0,0.0
19,24,2,0.736,-4.153734637719478e-09,0.006237213939797791,-1.636820202557077e-06,-1.5767774169214475,-0.00041302164819358893,1.569783206635873,-0.7853001257773384,2.7432151894817122e-08,0.0003675766949952097,-2.995303873221676e-07,-0.00030423904458765435,-1.6235313006118887e-05,-5.186265122645274e-05,-3.471088760536994e-08,0.0,0.0,0.0,-1.57079,0.0,1.57079,-0.7853,0.0,0.0,0.0,0.0,0.0,0.0,0.0,0.0,0.0
19,25,1,0.738,-4.100091247171612e-09,0.0062379453208564655,-1.6374139878359703e-06,-1.5767780191196927,-0.0004130536517609007,1.5697831042527686,-0.7853001258457856,2.682169527393337e-08,0.0003656905293374364,-2.968926394465877e-07,-0.00030109912266976826,-1.6001783655876293e-05,-5.119155223467167e-05,-3.4223571206476253e-08,0.0,0.0,0.0,-1.57079,0.0,1.57079,-0.7853,0.0,0.0,0.0,0.0,0.0,0.0,0.0,0.0,0.0
19,25,2,0.74,-4.047642096962176e-09,0.006238672948419135,-1.6380025494599584e-06,-1.5767786151029755,-0.0004130851950152711,1.5697830031943978,-0.7853001259132726,2.6224575104717937e-08,0.0003638137813345964,-2.942808119940701e-07,-0.0002979916413791598,-1.5771627185199943e-05,-5.052918539740234e-05,-3.374352956910954e-08,0.0,0.0,0.0,-1.57079,0.0,1.57079,-0.7853,0.0,0.0,0.0,0.0,0.0,0.0,0.0,0.0,0.0
19,26,1,0.742,-3.996361044161321e-09,0.006239396841232396,-1.6385859387630984e-06,-1.5767792049355067,-0.00041311628460472005,1.5697829034435256,-0.7853001259798139,2.5640526400427615e-08,0.00036194640663071324,-2.9169465157001005e-07,-0.00029491626564107727,-1.554479472446586e-05,-4.9875436099038635e-05,-3.327065459254983e-08,0.0,0.0,0.0,-1.57079,0.0,1.57079,-0.7853,0.0,0.0,0.0,0.0,0.0,0.0,0.0,0.0,0.0
19,26,2,0.744,-3.946222466035455e-09,0.006240117017954498,-1.6391642065769411e-06,-1.5767797886808343,-0.0004131469270809477,1.569782804983143,-0.7853001260454235,2.5069289062932785e-08,0.000360088361051148,-2.8913390692137076e-07,-0.000291872663837221,-1.5321238113807603e-05,-4.923019124236555e-05,-3.2804839650340885e-08,0.0,0.0,0.0,-1.57079,0.0,1.57079,-0.7853,0.0,0.0,0.0,0.0,0.0,0.0,0.0,0.0,0.0
19,27,1,0.746,-3.897201250439678e-09,0.006240833497155702,-1.6397374032347927e-06,-1.5767803664018498,-0.00041317712890073327,1.5697827077964646,-0.7853001261101155,2.451060779788867e-08,0.0003582396006022556,-2.8659832892572586e-07,-0.00028886050777039474,-1.510090989278995e-05,-4.859333922749895e-05,-3.2345979591097886e-08,0.0,0.0,0.0,-1.57079,0.0,1.57079,-0.7853,0.0,0.0,0.0,0.0,0.0,0.0,0.0,0.0,0.0
19,27,2,0.748,-3.849272786378174e-09,0.006241546297318644,-1.6403055785759556e-06,-1.5767809381607951,-0.00041320689642731373,1.5697826118669247,-0.7853001261739034,2.3964232030752153e-08,0.00035640008147086764,-2.8408767058145214e-07,-0.0002858794726291746,-1.4883763290234579e-05,-4.796476993243783e-05,-3.189397093172551e-08,0.0,0.0,0.0,-1.57079,0.0,1.57079,-0.7853,0.0,0.0,0.0,0.0,0.0,0.0,0.0,0.0,0.0
19,28,1,0.75,-3.802412954730358e-09,0.006242255436838692,-1.640868781949951e-06,-1.576781504019269,-0.0004132362359317421,1.5697825171781754,-0.7853001262368009,2.3429915823907718e-08,0.0003545697600238855,-2.816016869976754e-07,-0.00028292923695322333,-1.4669752214191895e-05,-4.734437469306692e-05,-3.14487115496112e-08,0.0,0.0,0.0,-1.57079,0.0,1.57079,-0.7853,0.0,0.0,0.0,0.0,0.0,0.0,0.0,0.0,0.0
19,28,2,0.752,-3.756598119139424e-09,0.006242960934024308,-1.6414270622207194e-06,-1.5767820640382342,-0.0004132651535942262,1.569782423714083,-0.7853001262988211,2.290741779546683e-08,0.0003527485928077686,-2.7914013538415015e-07,-0.0002800094825985617,-1.4458831242057142e-05,-4.673204628369069e-05,-3.1010100889526357e-08,0.0,0.0,0.0,-1.57079,0.0,1.57079,-0.7853,0.0,0.0,0.0,0.0,0.0,0.0,0.0,0.0,0.0
19,29,1,0.754,-3.7118051170603507e-09,0.006243662807097404,-1.6419804677708005e-06,-1.5767826182780236,-0.0004132936555054479,1.5697823314587251,-0.7853001263599771,2.2396501039536813e-08,0.0003509365365480888,-2.7670277504049987e-07,-0.00027711989470356296,-1.425095561083566e-05,-4.6127678898143365e-05,-3.057803995563565e-08,0.0,0.0,0.0,-1.57079,0.0,1.57079,-0.7853,0.0,0.0,0.0,0.0,0.0,0.0,0.0,0.0,0.0
19,29,2,0.756,-3.668011250965779e-09,0.006244361074193703,-1.6425290465054924e-06,-1.576783166798347,-0.000413321747667863,1.5697822403963888,-0.785300126420282,2.1896933047285987e-08,0.0003491335481491133,-2.742893673459705e-07,-0.0002742601616551627,-1.4046081207544049e-05,-4.553116813007182e-05,-3.01524310171026e-08,0.0,0.0,0.0,-1.57079,0.0,1.57079,-0.7853,0.0,0.0,0.0,0.0,0.0,0.0,0.0,0.0,0.0
19,30,1,0.758,-3.6251942797064096e-09,0.006245055753363089,-1.6430728458569907e-06,-1.576783709658297,-0.00041334943599698247,1.569782150511567,-0.7853001264797483,2.1408485629684632e-08,0.00034733958469321567,-2.7189967574918426e-07,-0.0002714299750550727,-1.3844164559752818e-05,-4.494241095498713e-05,-2.973317792298937e-08,0.0,0.0,0.0,-1.57079,0.0,1.57079,-0.7853,0.0,0.0,0.0,0.0,0.0,0.0,0.0,0.0,0.0
19,30,2,0.76,-3.5833324100217665e-09,0.00624574686256997,-1.6436119127885017e-06,-1.5767842469163564,-0.00041337672632263503,1.5697820617889555,-0.7853001265383888,2.0930934842321544e-08,0.00034555460344058345,-2.695334657555497e-07,-0.0002686290296873862,-1.3645162826276414e-05,-4.436130571186604e-05,-2.9320185901953184e-08,0.0,0.0,0.0,-1.57079,0.0,1.57079,-0.7853,0.0,0.0,0.0,0.0,0.0,0.0,0.0,0.0,0.0
19,31,1,0.762,-3.542404288202497e-09,0.0062464344196936274,-1.644146293798338e-06,-1.5767847786304034,-0.000413403624390211,1.5697819742134513,-0.7853001265962155,2.0464060909634753e-08,0.0003437785618286404,-2.671905049181883e-07,-0.00026585702348527475,-1.3449033787982198e-05,-4.378775208450152e-05,-2.8913361385488216e-08,0.0,0.0,0.0,-1.57079,0.0,1.57079,-0.7853,0.0,0.0,0.0,0.0,0.0,0.0,0.0,0.0,0.0
19,31,2,0.764,-3.5023889918976617e-09,0.0062471184425285705,-1.6446760349239893e-06,-1.5767853048577185,-0.0004134301358618885,1.5697818877701493,-0.7853001266532408,2.0007648152417497e-08,0.00034201141747159655,-2.648705628255773e-07,-0.00026311365749860595,-1.3255735838743705e-05,-4.3221651083523465e-05,-2.8512612426335446e-08,0.0,0.0,0.0,-1.57079,0.0,1.57079,-0.7853,0.0,0.0,0.0,0.0,0.0,0.0,0.0,0.0,0.0
19,32,1,0.766,-3.4632660220674182e-09,0.006247798948784891,-1.6452011817461707e-06,-1.5767858256549903,-0.0004134562663178415,1.5697818024443393,-0.7853001267094765,1.956148491512177e-08,0.0003402531281600152,-2.6257341109075586e-07,-0.00026039863586217206,-1.306522797652753e-05,-4.266290502928382e-05,-2.8117848207361076e-08,0.0,0.0,0.0,-1.57079,0.0,1.57079,-0.7853,0.0,0.0,0.0,0.0,0.0,0.0,0.0,0.0,0.0
19,32,2,0.768,-3.425015295076881e-09,0.006248475956088611,-1.6457217793928504e-06,-1.5767863410783218,-0.0004134820212574307,1.5697817182215041,-0.7853001267649344,1.9125363495268642e-08,0.0003385036518602938,-2.6029882333979895e-07,-0.0002577116657635752,-1.2877469794601693e-05,-4.2111417533795594e-05,-2.772897946890304e-08,0.0,0.0,0.0,-1.57079,0.0,1.57079,-0.7853,0.0,0.0,0.0,0.0,0.0,0.0,0.0,0.0,0.0
19,33,1,0.77,-3.3876171349308854e-09,0.006249149481982039,-1.6462378725432528e-06,-1.5767868511832366,-0.0004135074061003765,1.5697816350873173,-0.7853001268196262,1.869908007299787e-08,0.00033676294671421006,-2.580465752011836e-07,-0.0002550524574119184,-1.2692421472877564e-05,-4.156709348372922e-05,-2.73459180255347e-08,0.0,0.0,0.0,-1.57079,0.0,1.57079,-0.7853,0.0,0.0,0.0,0.0,0.0,0.0,0.0,0.0,0.0
19,33,2,0.772,-3.3510522656438997e-09,0.006249819543924116,-1.6467495054318385e-06,-1.5767873560246846,-0.00041353242618791524,1.5697815530276393,-0.7853001268735634,1.828243464349288e-08,0.00033503097103846545,-2.558164442928571e-07,-0.0002524207240068103,-1.2510043769379782e-05,-4.102983902349223e-05,-2.6968577200389654e-08,0.0,0.0,0.0,-1.57079,0.0,1.57079,-0.7853,0.0,0.0,0.0,0.0,0.0,0.0,0.0,0.0,0.0
19,34,1,0.774,-3.3153018037471043e-09,0.006250486159290764,-1.6472567218522633e-06,-1.576787855657048,-0.0004135570867839389,1.5697814720285161,-0.7853001269267572,1.78752309483977e-08,0.00033330768332414436,-2.5360821021242355e-07,-0.00024981618170729627,-1.2330298011833283e-05,-4.04995615384803e-05,-2.6596871444026548e-08,0.0,0.0,0.0,-1.57079,0.0,1.57079,-0.7853,0.0,0.0,0.0,0.0,0.0,0.0,0.0,0.0,0.0
19,34,2,0.776,-3.2803472509267356e-09,0.006251149345375237,-1.647759565161312e-06,-1.5767883501341473,-0.00041358139307611766,1.569781392076177,-0.7853001269792187,1.7477276410184354e-08,0.0003315930422363196,-2.5142165452432253e-07,-0.00024723854960160803,-1.2153146089378965e-05,-3.997616963813591e-05,-2.6230716379917038e-08,0.0,0.0,0.0,-1.57079,0.0,1.57079,-0.7853,0.0,0.0,0.0,0.0,0.0,0.0,0.0,0.0,0.0
19,35,1,0.778,-3.246170486792568e-09,0.006251809119388464,-1.6482580782828083e-06,-1.5767888395092466,-0.0004136053501770065,1.5697813131570306,-0.7853001270309588,1.70883820670838e-08,0.00032988700661350554,-2.492565607481802e-07,-0.0002446875496768652,-1.1978550444409287e-05,-3.945957314013844e-05,-2.587002903704046e-08,0.0,0.0,0.0,-1.57079,0.0,1.57079,-0.7853,0.0,0.0,0.0,0.0,0.0,0.0,0.0,0.0,0.0
19,35,2,0.78,-3.2127537617743987e-09,0.006252465498459398,-1.6487523037115016e-06,-1.5767893238350603,-0.0004136289631251355,1.5697812352576646,-0.7853001270819882,1.670836250908458e-08,0.000328189535467242,-2.4711271434665865e-07,-0.0002421629067894344,-1.1806474064522621e-05,-3.894968305410769e-05,-2.551472767271654e-08,0.0,0.0,0.0,-1.57079,0.0,1.57079,-0.7853,0.0,0.0,0.0,0.0,0.0,0.0,0.0,0.0,0.0
19,36,1,0.782,-3.1800796901460943e-09,0.006253118499635361,-1.6492422835169315e-06,-1.5767898031637575,-0.00041365223688608467,1.5697811583648413,-0.7853001271323177,1.6337035814152227e-08,0.0003265005879815236,-2.449899027149727e-07,-0.0002396643486350292,-1.1636880474589291e-05,-3.8446411565705274e-05,-2.5164731616189974e-08,0.0,0.0,0.0,-1.57079,0.0,1.57079,-0.7853,0.0,0.0,0.0,0.0,0.0,0.0,0.0,0.0,0.0
19,36,2,0.784,-3.1481312431719127e-09,0.006253768139882386,-1.6497280593472669e-06,-1.5767902775469689,-0.00041367517635354257,1.5697810824654972,-0.7853001271819576,1.5974223487090743e-08,0.0003248201235123926,-2.4288791516768937e-07,-0.0002371916057196995,-1.1469733728941267e-05,-3.7949672020770085e-05,-2.481996141745201e-08,0.0,0.0,0.0,-1.57079,0.0,1.57079,-0.7853,0.0,0.0,0.0,0.0,0.0,0.0,0.0,0.0,0.0
19,37,1,0.786,-3.116891742373955e-09,0.006254414436085561,-1.6502096724331193e-06,-1.5767907470357916,-0.00041369778635034994,1.5697810075467393,-0.7853001272309184,1.5619750398978948e-08,0.00032314810158747784,-2.4080654292620845e-07,-0.0002347444113310885,-1.1304998403675022e-05,-3.745937891018873e-05,-2.4480338883721978e-08,0.0,0.0,0.0,-1.57079,0.0,1.57079,-0.7853,0.0,0.0,0.0,0.0,0.0,0.0,0.0,0.0,0.0
19,37,2,0.788,-3.086344852922291e-09,0.006255057405049371,-1.6506871635913379e-06,-1.5767912116807945,-0.00041372007162952806,1.5697809335958437,-0.78530012727921,1.527344472583195e-08,0.0003214844819053596,-2.3874557910927095e-07,-0.00023232250150920732,-1.1142639589055522e-05,-3.697544785467976e-05,-2.4145786729067543e-08,0.0,0.0,0.0,-1.57079,0.0,1.57079,-0.7853,0.0,0.0,0.0,0.0,0.0,0.0,0.0,0.0,0.0
19,38,1,0.79,-3.0564745771383397e-09,0.006255697063498042,-1.6511605732287726e-06,-1.5767916715320245,-0.00041374203687529214,1.5697808606002526,-0.7853001273268424,1.4935137891975663e-08,0.0003198292243352726,-2.3670481871732634e-07,-0.000229925615018725,-1.0982622882047547e-05,-3.64977955893065e-05,-2.3816229125822655e-08,0.0,0.0,0.0,-1.57079,0.0,1.57079,-0.7853,0.0,0.0,0.0,0.0,0.0,0.0,0.0,0.0,0.0
19,38,2,0.792,-3.0272652481179658e-09,0.006256333428075875,-1.6516299413460202e-06,-1.576792126639011,-0.00041376368670405,1.5697807885475727,-0.7853001273738256,1.4604664510187076e-08,0.0003181822889164242,-2.346840586238377e-07,-0.00022755349332021093,-1.0824914378938384e-05,-3.6026339948971646e-05,-2.3491591236157505e-08,0.0,0.0,0.0,-1.57079,0.0,1.57079,-0.7853,0.0,0.0,0.0,0.0,0.0,0.0,0.0,0.0,0.0
19,39,1,0.794,-2.9987015234654365e-09,0.006256966515347591,-1.652095307541141e-06,-1.576792577050772,-0.00041378502566538617,1.5697807174255731,-0.7853001274201692,1.42818623262647e-08,0.0003165436358577147,-2.326830975604194e-07,-0.0002252058805432167,-1.0669480668086707e-05,-3.5560999853766295e-05,-2.3171799179773782e-08,0.0,0.0,0.0,-1.57079,0.0,1.57079,-0.7853,0.0,0.0,0.0,0.0,0.0,0.0,0.0,0.0,0.0
19,39,2,0.796,-2.9707683791410336e-09,0.006257596341798665,-1.6525567110133548e-06,-1.576793022815819,-0.00041380605824303167,1.5697806472221825,-0.7853001274658827,1.3966572162201354e-08,0.00031491322553702097,-2.3070173610686373e-07,-0.00022288252345784314,-1.0516288822756063e-05,-3.5101695294345395e-05,-2.2856780293631856e-08,0.0,0.0,0.0,-1.57079,0.0,1.57079,-0.7853,0.0,0.0,0.0,0.0,0.0,0.0,0.0,0.0,0.0
19,40,1,0.798,-2.943451103416451e-09,0.006258222923835667,-1.6530141905667086e-06,-1.5767934639821617,-0.0004138267888558198,1.5697805779254879,-0.7853001275109757,1.3658637862291449e-08,0.0003132910185008719,-2.2873977667691708e-07,-0.00022058317144818445,-1.0365306394071633e-05,-3.4648347317652155e-05,-2.2546463074311254e-08,0.0,0.0,0.0,-1.57079,0.0,1.57079,-0.7853,0.0,0.0,0.0,0.0,0.0,0.0,0.0,0.0,0.0
19,40,2,0.8,-2.9167352909400716e-09,0.006258846277786594,-1.6534677846137236e-06,-1.5767939005973146,-0.00041384722185862794,1.5697805095237318,-0.7853001275554572,1.3357906238189562e-08,0.00031167697546389145,-2.2679702350750982e-07,-0.00021830757648523037,-1.0216501404069226e-05,-3.420087801308178e-05,-2.224077684017453e-08,0.0,0.0,0.0,-1.57079,0.0,1.57079,-0.7853,0.0,0.0,0.0,0.0,0.0,0.0,0.0,0.0,0.0
